nome;idade;sexo;estado;tipo_sanguineo
Adriana Kamilly Betina Corte Real;40;Feminino;TO;A+
Agatha Milena Rita Galvao;79;Feminino;PE;O+
Alana Andreia Moraes;63;Feminino;SC;A+
Alana Laura Monteiro;41;Feminino;RO;B-
Alana Renata Carvalho;35;Feminino;AC;B-
Alessandra Isabella Lima;32;Feminino;AC;O-
Alice Carla Pietra Corte Real;74;Feminino;MS;O-
Alicia Lara Elaine Martins;65;Feminino;AL;B+
Alicia Rosangela Eduarda Almeida;27;Feminino;TO;O-
Allana Carolina Ester Goncalves;64;Feminino;PR;AB+
Analu Esther Gomes;38;Feminino;PR;AB-
Analu Marina Pereira;80;Feminino;MG;B-
Anderson Bruno Jesus;21;Masculino;SP;B+
Andreia Flavia Novaes;40;Feminino;AM;O-
Andreia Rayssa Peixoto;68;Feminino;SP;AB-
Anthony Roberto Nunes;60;Masculino;AC;AB+
Antonella Cecilia Isis Alves;63;Feminino;SC;A+
Antonella Juliana Caldeira;34;Feminino;SE;O-
Antonella Leticia Aparicio;62;Feminino;CE;O-
Antonella Stefany da Mota;26;Feminino;TO;AB+
Antonia Luiza Moraes;63;Feminino;SC;B+
Aparecida Claudia Alana Assis;29;Feminino;RJ;B+
Aparecida Jaqueline da Costa;60;Feminino;RN;B+
Aparecida Larissa Aragao;25;Feminino;AC;AB-
Aparecida Rosa Moura;70;Feminino;MT;B+
Arthur Jose Marcio Galvao;24;Masculino;MS;B-
Augusto Enzo Raimundo da Rosa;39;Masculino;BA;B-
Augusto Leonardo Baptista;78;Masculino;AL;B+
Aurora Regina Brito;24;Feminino;BA;A+
Aurora Stefany Isabelle Lopes;67;Feminino;TO;B-
Ayla Bianca Isabela Duarte;67;Feminino;AC;AB+
Ayla Daniela Farias;68;Feminino;GO;A+
Benedito Caua Rezende;67;Masculino;RS;A-
Benedito Nicolas Iago da Conceicao;29;Masculino;RN;O+
Betina Antonella Jennifer Farias;30;Feminino;MT;B-
Betina Raquel Campos;79;Feminino;PA;AB+
Bianca Flavia Heloise Martins;80;Feminino;MT;B-
Breno Vinicius Osvaldo Figueiredo;42;Masculino;SE;AB+
Bruna Benedita Santos;75;Feminino;RO;O-
Bruno Augusto Sales;25;Masculino;RN;B+
Bruno Edson Joaquim Pereira;40;Masculino;AL;O-
Bryan Enzo de Paula;51;Masculino;PB;B-
Bryan Kaue da Luz;80;Masculino;MS;O+
Caio Anderson Costa;27;Masculino;SP;A+
Caleb Leonardo Aragao;50;Masculino;AC;AB+
Calebe Bruno Nunes;36;Masculino;GO;O-
Camila Cecilia Jennifer Caldeira;38;Feminino;RN;B-
Carla Hadassa Brenda Moraes;67;Feminino;MA;O+
Carla Helena Nunes;50;Feminino;RJ;B+
Carlos Igor Castro;61;Masculino;RR;B+
Carolina Amanda Laura Rodrigues;37;Feminino;DF;A+
Carolina Ayla Olivia Assuncao;64;Feminino;AP;O+
Carolina Tatiane Gomes;24;Feminino;TO;AB+
Caroline Catarina Porto;23;Feminino;GO;AB-
Caroline Isabela Andrea Fogaca;26;Feminino;PI;AB+
Caroline Vera Nascimento;57;Feminino;MA;AB-
Catarina Flavia Costa;32;Feminino;RJ;O-
Catarina Natalia da Conceicao;79;Feminino;AC;O-
Caua Danilo Jesus;69;Masculino;PE;B+
Caua Filipe Renan Monteiro;54;Masculino;SC;O+
Caue Matheus Manoel Barbosa;20;Masculino;TO;AB-
Cesar Benjamin Carvalho;22;Masculino;SE;A+
Clarice Sarah Laura Alves;48;Feminino;AL;B-
Claudia Emanuelly dos Santos;75;Feminino;SC;O-
Cristiane Luiza Moreira;25;Feminino;PE;B+
Daniel Benjamin Porto;19;Masculino;CE;B+
Daniel Marcelo Julio Campos;29;Masculino;DF;AB-
Daniela Isadora Livia Duarte;42;Feminino;GO;A-
Daniela Mirella Almada;42;Feminino;SE;O-
Davi Felipe Guilherme Sales;76;Masculino;PA;O-
Diogo Augusto Novaes;66;Masculino;MT;O-
Diogo Rafael Anthony Cardoso;36;Masculino;PE;A-
Eduardo Benicio Martin Novaes;30;Masculino;SP;AB+
Elaine Francisca Jesus;25;Feminino;SE;B-
Emanuel Bento Santos;32;Masculino;RS;O+
Emanuel Thales Ramos;40;Masculino;RS;AB+
Emanuel Thomas Calebe Nascimento;75;Masculino;RO;B+
Emilly Ayla Rita Araujo;54;Feminino;RR;B+
Emilly Isabella Gomes;59;Feminino;PE;B+
Emilly Sophia Costa;28;Feminino;MT;A-
Enzo Severino Breno da Luz;23;Masculino;SP;A-
Ester Daiane Assis;31;Feminino;DF;A+
Ester Emanuelly Brito;71;Feminino;ES;AB+
Ester Laura Ayla Silva;66;Feminino;AL;B+
Ester Patricia Lopes;65;Feminino;RS;B+
Esther Maya Santos;60;Feminino;RR;A+
Esther Tereza Rodrigues;74;Feminino;PI;A+
Evelyn Emilly Lima;30;Feminino;TO;B+
Evelyn Marcia Pinto;53;Feminino;AP;AB+
Fabio Osvaldo Silveira;52;Masculino;ES;A-
Fabio Ruan Nathan Rodrigues;63;Masculino;GO;B+
Fernanda Lara Novaes;47;Feminino;BA;A+
Fernanda Nair da Paz;56;Feminino;DF;B+
Fernando Benjamin dos Santos;33;Masculino;SC;B-
Fernando Caio Barros;69;Masculino;MS;B+
Fernando Carlos da Mota;21;Masculino;RJ;A+
Fernando Nathan Enrico Brito;53;Masculino;PA;O-
Flavia Aparecida Vanessa Figueiredo;71;Feminino;DF;AB-
Flavia Brenda Rosa Martins;72;Feminino;MG;O-
Flavia Sueli Jessica Jesus;32;Feminino;AC;B-
Francisca Flavia Malu Drumond;67;Feminino;PI;A-
Francisca Lorena Raimunda Moreira;43;Feminino;TO;A-
Francisco Diogo Silva;51;Masculino;RO;A+
Francisco Otavio da Luz;51;Masculino;BA;A-
Gabriel Julio Goncalves;28;Masculino;RO;B-
Gabriela Natalia Gomes;25;Feminino;PR;B+
Gabrielly Silvana Cecilia Rezende;70;Feminino;MT;B-
Gabrielly Sonia da Rocha;73;Feminino;AM;B+
Gael Gael Leonardo de Paula;33;Masculino;BA;B+
Gael Marcos Vinicius Carvalho;61;Masculino;PI;B+
Gael Rafael das Neves;55;Masculino;AL;A+
Geraldo Felipe Lorenzo Farias;58;Masculino;TO;A+
Giovana Bianca Aparicio;36;Feminino;MG;O-
Giovana Nair Alves;26;Feminino;AP;AB+
Giovanna Analu da Paz;70;Feminino;PE;AB-
Gustavo Carlos Eduardo Nicolas Duarte;67;Masculino;ES;AB-
Hadassa Hadassa Moura;66;Feminino;PI;B-
Heitor Enrico Moraes;21;Masculino;MG;B-
Helena Isabelle Rocha;75;Feminino;PI;O+
Helena Rosangela da Rosa;40;Feminino;CE;AB-
Heloisa Teresinha Giovana Silva;74;Feminino;RN;AB+
Heloisa Yasmin Raimunda Sales;34;Feminino;MS;O+
Hugo Anderson Elias Almada;51;Masculino;RS;AB+
Iago Joao Tomas Moraes;79;Masculino;SE;AB-
Iago Sebastiao Matheus da Cunha;32;Masculino;RR;B+
Ian Bernardo das Neves;44;Masculino;RJ;B+
Ian Leandro Caio da Cruz;45;Masculino;SP;B+
Igor Felipe Nathan Moura;19;Masculino;MG;A+
Igor Isaac Yuri Corte Real;30;Masculino;AC;O-
Isaac Edson Peixoto;79;Masculino;GO;AB+
Isaac Henry Vieira;21;Masculino;AP;A+
Isaac Tomas Mendes;73;Masculino;AC;B-
Isabelle Brenda Drumond;41;Feminino;PB;B-
Isabelly Mariah Joana Pinto;35;Feminino;ES;A-
Isabelly Tereza Goncalves;66;Feminino;MT;AB+
Jaqueline Luana Fogaca;80;Feminino;DF;O+
Jaqueline Sarah da Rocha;75;Feminino;SE;O+
Jessica Lucia Oliveira;26;Feminino;RJ;O+
Jessica Valentina Fogaca;29;Feminino;MA;B-
Joana Sophia Cavalcanti;28;Feminino;RJ;A-
Joao Alexandre Pietro Sales;76;Masculino;RJ;O+
Joao Anderson Ruan de Paula;77;Masculino;PI;A+
Joao Bruno Martin Mendes;21;Masculino;AM;A+
Joaquim Cesar Rodrigues;32;Masculino;AM;B+
Joaquim Filipe Corte Real;71;Masculino;AL;A-
Joaquim Marcio Enrico Viana;27;Masculino;CE;A+
Joaquim Theo da Rocha;34;Masculino;GO;A-
Jorge Edson Luis Castro;46;Masculino;DF;B-
Jorge Nelson Rocha;41;Masculino;AM;A-
Josefa Hadassa Elaine Barros;45;Feminino;RR;A-
Josefa Regina Hadassa Corte Real;41;Feminino;SC;O-
Julia Emanuelly Santos;38;Feminino;AM;B-
Julia Luciana Sabrina Peixoto;62;Feminino;RN;AB-
Juliana Adriana dos Santos;76;Feminino;RN;A-
Juliana Rafaela Vieira;66;Feminino;CE;A-
Julio Alexandre Dias;36;Masculino;ES;O-
Julio Eduardo Andre Freitas;43;Masculino;RJ;B-
Julio Murilo Osvaldo Nogueira;67;Masculino;MA;AB+
Kamilly Hadassa Mariah Freitas;24;Feminino;PI;A+
Kaue Alexandre Breno Melo;18;Masculino;BA;B-
Kevin Ricardo Thales Costa;68;Masculino;DF;A+
Larissa Aline da Rosa;47;Feminino;AM;B+
Lavinia Alice Maite Ribeiro;65;Feminino;RJ;B-
Leandro Murilo Porto;70;Masculino;RJ;O-
Leonardo Enrico Arthur Ferreira;48;Masculino;PB;B-
Leonardo Ian Marcos Vinicius Pires;75;Masculino;MT;B+
Leonardo Victor Raimundo Porto;66;Masculino;AL;B+
Levi Caleb Nathan Pinto;71;Masculino;GO;AB-
Liz Aline da Conceicao;42;Feminino;AC;B+
Liz Lavinia Gabrielly Almada;47;Feminino;MG;O+
Lorena Tatiane Lorena Assis;42;Feminino;PA;AB-
Louise Alice Mariana Fogaca;23;Feminino;PB;A+
Louise Aparecida Patricia da Costa;55;Feminino;RS;AB+
Louise Eliane Carolina Pereira;50;Feminino;RR;A-
Louise Emily Simone Ribeiro;20;Feminino;TO;AB-
Louise Manuela Araujo;47;Feminino;RO;A-
Luan Luan Teixeira;44;Masculino;MS;A+
Lucca Caio Jesus;35;Masculino;AC;B-
Lucca Joao Bruno da Mata;59;Masculino;PA;B-
Lucca Juan Aparicio;68;Masculino;RS;AB+
Lucca Sebastiao Roberto Lima;36;Masculino;PI;B-
Lucia Giovana Luzia Freitas;24;Feminino;RO;AB+
Lucia Mariah Valentina Alves;35;Feminino;RR;B+
Luciana Sophie Gabrielly Carvalho;30;Feminino;AC;A+
Luis Andre Benedito da Mata;26;Masculino;DF;A-
Luis Rafael Jesus;55;Masculino;MT;A+
Luis Samuel Severino Corte Real;73;Masculino;MG;A+
Luna Benedita Gomes;64;Feminino;AP;AB-
Malu Fabiana Sophie Pires;64;Feminino;PB;A-
Manuel Elias Almada;43;Masculino;SC;A+
Manuel Leandro Breno Porto;26;Masculino;PB;AB+
Manuel Mario Roberto Galvao;27;Masculino;MA;A+
Manuel Nathan Ryan Moreira;39;Masculino;MS;B-
Manuel Raimundo Barros;28;Masculino;AM;B+
Manuela Emily da Cunha;59;Feminino;GO;O-
Marcela Emily de Paula;30;Feminino;PA;A+
Marcela Heloisa Moreira;33;Feminino;AM;AB+
Marcelo Antonio Victor Almada;25;Masculino;AP;O-
Marcelo Caleb Gomes;31;Masculino;RR;A-
Marcelo Gabriel Osvaldo Aragao;38;Masculino;BA;O-
Marcelo Hugo da Costa;35;Masculino;BA;A+
Marcia Alana Moraes;28;Feminino;RR;B-
Marcia Leticia Pereira;31;Feminino;RS;O-
Marcos Kevin Fabio Nascimento;54;Masculino;MS;AB-
Marcos Vinicius Carlos Peixoto;39;Masculino;MS;B-
Marcos Vinicius Raul Thomas Aparicio;30;Masculino;MA;AB-
Maria Alana da Costa;77;Feminino;RR;A-
Mariah Isis Liz Carvalho;41;Feminino;RO;B-
Mariana Agatha Brenda Aragao;76;Feminino;SP;AB-
Marina Milena Vitoria Ramos;57;Feminino;AC;O+
Marlene Marlene Carolina Campos;20;Feminino;PR;AB-
Marlene Raquel Esther Rocha;55;Feminino;MS;A+
Marli Jennifer Melo;53;Feminino;AP;AB+
Marli Priscila Nicole Oliveira;68;Feminino;AC;B+
Martin Arthur Castro;62;Masculino;MT;AB+
Mateus Caio Melo;36;Masculino;SE;A+
Matheus Anthony Dias;67;Masculino;AL;B-
Miguel Bernardo Juan Monteiro;25;Masculino;GO;B-
Miguel Tiago Lopes;70;Masculino;PR;B-
Mirella Rosa Brenda Rodrigues;63;Feminino;SP;B+
Natalia Sarah Alves;35;Feminino;AM;O+
Nathan Carlos Eduardo Mateus da Cunha;79;Masculino;AL;A+
Nathan Guilherme Freitas;42;Masculino;PA;A+
Nathan Oliver Igor Alves;78;Masculino;RO;B-
Nelson Antonio Goncalves;66;Masculino;RS;O-
Nelson Nathan Manuel Almeida;67;Masculino;AP;AB-
Nicolas Daniel Ferreira;47;Masculino;SE;AB+
Nicolas Jose Rodrigues;58;Masculino;AC;A-
Nicolas Levi Pedro Nunes;31;Masculino;SC;A-
Nicole Josefa Gabrielly da Silva;59;Feminino;RJ;O+
Nina Natalia Maya Gomes;71;Feminino;SE;AB+
Noah Edson Souza;78;Masculino;AC;O-
Noah Julio Enzo Brito;60;Masculino;MG;O+
Noah Nicolas Thiago Moura;18;Masculino;MA;B+
Noah Paulo Otavio da Cruz;78;Masculino;PI;B-
Oliver Matheus Gomes;59;Masculino;AM;B-
Oliver Otavio da Cunha;30;Masculino;SE;AB-
Olivia Adriana Liz Barros;28;Feminino;AL;A+
Otavio Caue Cardoso;25;Masculino;PR;O+
Otavio Victor Pedro Cavalcanti;31;Masculino;SE;A+
Pedro Noah Corte Real;18;Masculino;PE;A-
Pedro Ricardo Kaue Lima;58;Masculino;AL;B+
Pietro Bruno Silveira;64;Masculino;SP;AB-
Priscila Gabrielly Emanuelly Aparicio;67;Feminino;MG;B-
Priscila Marli Freitas;64;Feminino;PB;B+
Priscila Vera Josefa Lopes;19;Feminino;PB;B-
Rafael Henrique Henry da Cruz;41;Masculino;SE;A+
Raimundo Enzo Caleb dos Santos;24;Masculino;AM;B+
Raimundo Kaique Caue Gomes;79;Masculino;SC;A+
Raimundo Leandro Viana;75;Masculino;SP;AB+
Raquel Daiane Benedita Baptista;67;Feminino;MA;A+
Rebeca Caroline Silveira;37;Feminino;PB;A+
Regina Mirella Elisa Ribeiro;54;Feminino;AP;B+
Renan Breno Assis;68;Masculino;BA;B+
Renata Heloisa Barbosa;46;Feminino;AM;B+
Rita Livia Fernanda da Cruz;72;Feminino;RR;O+
Roberto Bruno Luan Bernardes;58;Masculino;RS;A-
Roberto Miguel Caue Vieira;65;Masculino;CE;O-
Rodrigo Felipe Freitas;67;Masculino;AC;O+
Rosangela Amanda Assis;80;Feminino;DF;B+
Ruan Antonio Alves;77;Masculino;PE;O+
Ryan Osvaldo da Luz;30;Masculino;DF;AB-
Ryan Severino Nicolas Cavalcanti;68;Masculino;PI;B-
Samuel Augusto Caua Silva;69;Masculino;BA;AB-
Samuel Levi Nascimento;49;Masculino;AL;O+
Sandra Luzia Oliveira;78;Feminino;GO;A+
Sara Rosangela Nunes;33;Feminino;RJ;AB+
Sebastiana Andrea Viana;57;Feminino;MT;B-
Sebastiao Igor da Costa;33;Masculino;MA;B-
Sebastiao Joao Jorge dos Santos;29;Masculino;SP;B+
Sergio Enzo Claudio Rezende;73;Masculino;PA;O+
Severino Arthur Fernandes;67;Masculino;GO;O+
Sophia Amanda Mariana da Rosa;61;Feminino;AM;O-
Tania Teresinha Camila Caldeira;40;Feminino;RJ;O-
Tatiane Sophia Sophia da Paz;55;Feminino;SP;AB-
Teresinha Carla Mariana Novaes;46;Feminino;MS;A+
Teresinha Debora Teixeira;56;Feminino;AL;O+
Teresinha Liz Lais das Neves;69;Feminino;PE;AB+
Tereza Elza Elaine Farias;73;Feminino;SC;A+
Tereza Isabelle Duarte;29;Feminino;AL;AB-
Thales Carlos Carlos Aparicio;72;Masculino;PI;A+
Thales Vitor Kaue Pires;27;Masculino;RJ;AB-
Theo Renato Freitas;39;Masculino;RJ;B+
Thomas Ruan Campos;55;Masculino;PR;AB+
Tiago Ricardo Kaue Bernardes;51;Masculino;RS;AB+
Tiago Theo Melo;31;Masculino;MS;O-
Tomas Guilherme Victor Oliveira;52;Masculino;MG;AB-
Tomas Sebastiao da Paz;61;Masculino;GO;O-
Valentina Andrea Esther Moraes;54;Feminino;ES;AB-
Valentina Brenda Mendes;34;Feminino;AC;AB-
Valentina Heloise Rafaela Freitas;46;Feminino;SP;A-
Vanessa Amanda Assuncao;66;Feminino;PA;AB+
Vera Amanda Fernandes;75;Feminino;MT;B+
Vicente Augusto Pereira;76;Masculino;AM;A+
Vicente Calebe Renan Martins;44;Masculino;AC;B-
Vinicius Alexandre Silveira;52;Masculino;GO;B-
Vitor Sebastiao Breno da Rocha;75;Masculino;TO;O-
Vitoria Isabelly Ribeiro;48;Feminino;BA;O+
Vitoria Lais Sophia Peixoto;79;Feminino;BA;O-
Yuri Levi Araujo;34;Masculino;SP;A-
