nome;idade;cpf;rg;data_nasc;sexo;signo;mae;pai;email;senha;cep;endereco;numero;bairro;cidade;estado;telefone_fixo;celular;altura;peso;tipo_sanguineo;cor
Adriana Kamilly Betina Corte Real;12;125.003.490-63;39.550.005-9;17/06/2012;Feminino;Gemeos;Fabiana Aparecida;Gustavo Marcos Corte Real;adriana_kamilly_cortereal@lojascentrodamoda.com.br;P3lxBUBO5s;77814-190;Rua Papoula;942;Jardim Garavelo Sul;Araguaina;TO;(63) 2595-8349;(63) 99560-1316;1,57;75;A+;roxo
Agatha Milena Rita Galvao;79;582.108.932-89;13.224.457-3;22/08/1945;Feminino;Leao;Stella Patricia;Isaac Giovanni Galvao;agatha-galvao88@gtx.ag;w20slDFSjr;54310-170;Praca do Mercado Publico;897;Prazeres;Jaboatao dos Guararapes;PE;(81) 2502-9572;(81) 98601-6530;1,78;72;O+;azul
Alana Andreia Moraes;63;199.386.500-40;47.182.416-1;19/04/1961;Feminino;aries;Sara Mariane;Manuel Raimundo Thomas Moraes;alanaandreiamoraes@dkcarmo.com;ANL41wjPNp;89254-258;Rua Francisco Pinheiro;913;Tres Rios do Sul;Jaragua do Sul;SC;(47) 3649-1257;(47) 98822-2454;1,75;72;A+;preto
Alana Laura Monteiro;41;904.709.866-89;27.932.890-4;18/08/1983;Feminino;Leao;Sophie Nina;Breno Vicente Monteiro;alana_laura_monteiro@raioazul.com.br;5iBB9ECoBK;76873-058;Alameda Canario;845;Setor 02;Ariquemes;RO;(69) 2601-0786;(69) 99382-6205;1,53;86;B-;amarelo
Alana Renata Carvalho;35;517.951.091-06;40.933.976-3;21/04/1989;Feminino;Touro;Daniela Ana Vitoria;Renato Joaquim Carvalho;alanarenatacarvalho@pronta.com.br;OggaUlIms3;69918-032;Rua 7;215;Conjunto Mascarenha de Moraes;Rio Branco;AC;(68) 2824-2573;(68) 99952-7142;1,7;72;B-;vermelho
Alessandra Isabella Lima;32;041.349.779-83;44.075.526-8;09/09/1992;Feminino;Virgem;Isis Lais;Jorge Ruan Lima;alessandraisabellalima@directnet.com;PgKFUobzqz;69911-784;Avenida Fares Fegali;617;Boa Uniao;Rio Branco;AC;(68) 2894-3524;(68) 99223-1668;1,72;78;O-;vermelho
Alice Carla Pietra Corte Real;74;111.834.976-87;30.490.027-8;09/10/1950;Feminino;Libra;Teresinha Brenda Sarah;Gustavo Nicolas Kaue Corte Real;alice_cortereal@yahool.com.br;RQuGtgPZpW;79641-360;Rua Palmeira Real;990;Recanto das Palmeiras;Tres Lagoas;MS;(67) 2965-2442;(67) 99435-6629;1,66;90;O-;roxo
Alicia Lara Elaine Martins;65;671.129.515-34;40.683.729-6;27/01/1959;Feminino;Aquario;Antonia Fatima;Osvaldo Ricardo Martins;alicia-martins91@igly.com.br;A7KGSsbt4z;57083-410;Avenida Menino Marcelo;882;Antares;Maceio;AL;(82) 2716-1012;(82) 99906-1261;1,74;67;B+;azul
Alicia Rosangela Eduarda Almeida;27;328.707.613-25;21.871.146-3;25/08/1997;Feminino;Virgem;Rosa Lara Vitoria;Carlos Renan Igor Almeida;aliciarosangelaalmeida@gmaill.com;MA2j1uXrxX;77060-328;Rua 9;838;Jardim Santa Barbara;Palmas;TO;(63) 2625-7858;(63) 98255-1420;1,5;74;O-;laranja
Allana Carolina Ester Goncalves;64;377.724.595-05;44.823.776-3;07/01/1960;Feminino;Capricornio;Nicole Lorena;Benedito Geraldo Goncalves;allanacarolinagoncalves@ativacofres.com.br;7ClMGKThHX;83327-067;Rua Antidio Batista de Souza;664;Alphaville Graciosa;Pinhais;PR;(41) 3574-1255;(41) 99861-0942;1,74;57;AB+;vermelho
Analu Esther Gomes;38;003.084.567-00;26.972.688-3;03/06/1986;Feminino;Gemeos;Yasmin Cristiane Olivia;Levi Guilherme Caleb Gomes;analu-gomes79@caej.com.br;QF4pGiTuld;81020-390;Rua das Andorinhas;901;Novo Mundo;Curitiba;PR;(41) 2544-3172;(41) 99971-4889;1,84;75;AB-;vermelho
Analu Marina Pereira;80;002.612.399-10;20.437.977-5;08/07/1944;Feminino;Cancer;Debora Alicia Catarina;Nathan Luan Caue Pereira;analumarinapereira@techdomus.com.br;F4RXgH75DE;37044-510;Rua Poeta Edgard de Brito;523;Vila Maria;Varginha;MG;(35) 2847-8253;(35) 99402-9326;1,85;52;B-;amarelo
Anderson Bruno Jesus;21;897.426.907-40;14.628.333-8;25/04/2003;Masculino;Touro;Vanessa Manuela;Ruan Jose Jesus;anderson-jesus86@ctfmgacc.org.br;IQIMi7OuMC;09271-770;Rua Antonio Sebastiao Esquarize;688;Jardim Rina;Santo Andre;SP;(11) 3927-4498;(11) 99298-3789;1,61;95;B+;amarelo
Andreia Flavia Novaes;40;590.368.775-04;40.834.895-1;20/06/1984;Feminino;Gemeos;Marina Luna Heloise;Filipe Mario Thiago Novaes;andreia-novaes85@fingrs.com.br;hygLNjJ8ws;69402-244;Rua Rio Jamari;929;Morada do Sol;Manacapuru;AM;(92) 3988-7239;(92) 98414-7072;1,65;59;O-;roxo
Andreia Rayssa Peixoto;68;095.681.314-34;19.321.237-7;23/05/1956;Feminino;Gemeos;Isadora Pietra Andrea;Kaique Caue Peixoto;andreiarayssapeixoto@fredericodiniz.com;kIDUgKmMdg;12223-790;Rua Tobago;861;Cidade Vista Verde;Sao Jose dos Campos;SP;(12) 2934-6023;(12) 98719-6462;1,6;57;AB-;preto
Anthony Roberto Nunes;60;863.460.375-01;11.931.721-7;26/05/1964;Masculino;Gemeos;Priscila Aparecida;Breno Luan Nunes;anthony_roberto_nunes@dglnet.com.br;fYH4o4UCrT;69901-731;Rua Sao Raimundo Nonato;259;Vitoria;Rio Branco;AC;(68) 2630-0082;(68) 98787-6220;1,73;109;AB+;vermelho
Antonella Cecilia Isis Alves;63;199.682.249-79;21.564.128-0;17/08/1961;Feminino;Leao;Carla Eduarda Lara;Roberto Fernando Alves;antonellaceciliaalves@runup.com.br;Z2qTFn2wKk;89223-510;Rua Vanderlei Raul Richs;427;Jardim Sofia;Joinville;SC;(47) 2804-2973;(47) 98282-9093;1,72;84;A+;vermelho
Antonella Juliana Caldeira;34;862.771.629-34;38.186.118-1;11/06/1990;Feminino;Gemeos;Eduarda Tereza;Edson Rafael Luiz Caldeira;antonellajulianacaldeira@huios.com.br;KE5jPywIJL;49065-510;Travessa C;900;Industrial;Aracaju;SE;(79) 2655-5395;(79) 99997-9936;1,72;80;O-;preto
Antonella Leticia Aparicio;62;606.063.929-12;37.557.771-3;21/02/1962;Feminino;Peixes;Eloa Patricia Yasmin;Samuel Marcos Aparicio;antonella.leticia.aparicio@hotmail.com.br;u7nKcwXEFi;63909-035;Rua Raimundo Garrido da Nobrega;680;Jardim dos Monolitos;Quixada;CE;(88) 2791-7450;(88) 99405-5152;1,64;69;O-;vermelho
Antonella Stefany da Mota;26;610.871.583-97;34.923.320-2;19/01/1998;Feminino;Capricornio;Elaine Marlene Pietra;Hugo Gael da Mota;antonellastefanydamota@vbrasildigital.net;w7NAjU1yFf;77815-844;Rua Purpura;494;Loteamento Vila Azul;Araguaina;TO;(63) 3596-5086;(63) 98867-0232;1,84;48;AB+;laranja
Antonia Luiza Moraes;63;299.674.402-01;38.438.257-5;07/06/1961;Feminino;Gemeos;Mariane Daiane Lorena;Tiago Rodrigo Guilherme Moraes;antonia.luiza.moraes@companyvivo.com.br;WO3yFfWNbk;89291-630;Rua Boanerges Costa Santos;861;Serra Alta;Sao Bento do Sul;SC;(47) 2973-7256;(47) 98460-5843;1,53;73;B+;azul
Aparecida Claudia Alana Assis;29;809.398.812-25;16.664.618-0;24/05/1995;Feminino;Gemeos;Catarina Sonia;Yago Carlos Eduardo Assis;aparecidaclaudiaassis@soelegancia.com.br;UgUNwtpFC6;26099-185;Caminho do Castelo;889;Jaceruba;Nova Iguacu;RJ;(21) 2900-8528;(21) 98474-0126;1,58;63;B+;amarelo
Aparecida Jaqueline da Costa;60;228.741.335-90;34.758.094-4;09/04/1964;Feminino;aries;Bianca Andreia Larissa;Emanuel Mateus Ricardo da Costa;aparecidajaquelinedacosta@infonet.com.br;MGnTzN2Di5;59625-325;Rua Manoel Bento de Sousa;120;Presidente Costa e Silva;Mossoro;RN;(84) 2811-6487;(84) 98170-5566;1,66;89;B+;azul
Aparecida Larissa Aragao;25;218.549.480-59;19.677.435-4;05/10/1999;Feminino;Libra;Beatriz Sarah Liz;Diogo Bernardo Marcelo Aragao;aparecida-aragao93@bol.br;PuTnKrabJM;69914-300;Rua Sergipe;916;Waldemar Maciel;Rio Branco;AC;(68) 2614-1590;(68) 98987-6298;1,69;83;AB-;vermelho
Aparecida Rosa Moura;70;625.627.606-03;49.965.568-0;04/07/1954;Feminino;Cancer;Emanuelly Isis Mariane;Emanuel Joao Moura;aparecidarosamoura@akaer.com.br;SqnxklUCzC;78058-845;Rua V;107;Planalto;Cuiaba;MT;(65) 2898-5847;(65) 99187-1758;1,75;82;B+;vermelho
Arthur Jose Marcio Galvao;24;334.311.452-99;47.569.831-9;07/05/2000;Masculino;Touro;Elza Natalia Alana;Fabio Nicolas Galvao;arthur_galvao@sinsesp.com.br;9cLoln2Mnr;79042-300;Rua Oceania;991;Tiradentes;Campo Grande;MS;(67) 2802-4113;(67) 99278-5946;1,83;73;B-;preto
Augusto Enzo Raimundo da Rosa;39;742.707.471-88;26.687.957-3;27/08/1985;Masculino;Virgem;Francisca Stefany Barbara;Nelson Yago da Rosa;augustoenzodarosa@ecotransambiental.com.br;nZ7X5jdHld;40390-696;2ª Travessa Juscelino Barreto;614;Sao Caetano;Salvador;BA;(71) 3522-4213;(71) 99189-9994;1,95;63;B-;roxo
Augusto Leonardo Baptista;78;239.896.845-66;12.785.612-2;05/01/1946;Masculino;Capricornio;Antonia Julia Cecilia;Marcio Victor Baptista;augusto.leonardo.baptista@grupomozue.com.br;wqmzahG0LR;57073-577;5ª Travessa Gabino Besouro;684;Cidade Universitaria;Maceio;AL;(82) 2766-2403;(82) 99321-2231;1,67;74;B+;roxo
Aurora Regina Brito;24;980.855.348-60;43.349.730-0;10/01/2000;Feminino;Capricornio;Patricia Rebeca;Carlos Eduardo Benicio Filipe Brito;aurora_regina_brito@bbcreative.org;8Ai7rNhoeT;41207-550;Rua Carla;655;Tancredo Neves;Salvador;BA;(71) 2826-6288;(71) 99682-8648;1,84;62;A+;laranja
Aurora Stefany Isabelle Lopes;67;277.125.716-51;37.337.806-3;03/01/1957;Feminino;Capricornio;Priscila Aline Sophie;Claudio Bernardo Lopes;aurora.stefany.lopes@estevao.ind.br;wxrGZMNFwO;77440-604;Rua 18;814;Setor Aeroporto II;Gurupi;TO;(63) 2943-3022;(63) 98195-0803;1,56;80;B-;azul
Ayla Bianca Isabela Duarte;67;149.281.919-00;19.366.354-5;10/03/1957;Feminino;Peixes;Cristiane Juliana Esther;Diego Thiago Duarte;ayla.bianca.duarte@infouai.com;lnDtsic3qu;69905-688;Travessa Nossa Senhora de Nazare;990;Seis de Agosto;Rio Branco;AC;(68) 2657-7577;(68) 99243-1760;1,64;57;AB+;vermelho
Ayla Daniela Farias;68;871.994.158-77;42.678.035-8;25/01/1956;Feminino;Aquario;Amanda Heloise Alicia;Martin Leonardo Carlos Eduardo Farias;ayla_farias@deere.com;pKpASzFAyo;74672-810;Rua Bem-te-vi;529;Santa Genoveva;Goiania;GO;(62) 3635-2570;(62) 99816-1357;1,67;52;A+;preto
Benedito Caua Rezende;67;729.234.448-84;27.915.539-6;16/02/1957;Masculino;Aquario;Emilly Valentina;Pietro Leonardo Rezende;benedito-rezende89@fluxioneventos.com.br;Ph9FhRN1yR;96825-470;Corredor Goelzer;844;Margarida;Santa Cruz do Sul;RS;(51) 2775-8684;(51) 98271-4969;1,91;104;A-;verde
Benedito Nicolas Iago da Conceicao;29;959.227.490-80;43.583.534-8;16/06/1995;Masculino;Gemeos;Livia Ester Mariana;Anderson Lucca Heitor da Conceicao;benedito.nicolas.daconceicao@hotmmail.com;Jp77yBrjWI;59054-010;Rua Edilza Maciel;633;Dix-Sept Rosado;Natal;RN;(84) 2831-5463;(84) 98328-6318;1,88;53;O+;vermelho
Betina Antonella Jennifer Farias;30;977.301.680-30;50.287.005-9;02/02/1994;Feminino;Aquario;Rebeca Elisa;Geraldo Vinicius Farias;betina.antonella.farias@scalioni.com.br;4FGIh3KD0H;78149-448;Travessa Sessenta e Oito;542;Parque dos Bandeirantes;Varzea Grande;MT;(65) 3909-9901;(65) 98415-9631;1,79;49;B-;laranja
Betina Raquel Campos;79;231.851.067-92;20.102.769-0;03/10/1945;Feminino;Libra;Luzia Juliana;Henrique Carlos Eduardo Campos;betinaraquelcampos@lhp.com.br;mjh8Rjj44B;68815-970;Avenida Jarbas Passarinho, s/n;418;Centro;Curralinho;PA;(91) 3863-6204;(91) 99655-3304;1,72;84;AB+;preto
Bianca Flavia Heloise Martins;80;285.636.628-72;19.995.631-5;25/09/1944;Feminino;Libra;Heloise Hadassa Rayssa;Calebe Renan Martins;bianca-martins83@artelazer.com;jPEHF7a6St;78052-574;Rua Tres;558;Jardim Brasil;Cuiaba;MT;(65) 3559-0227;(65) 98132-7522;1,62;75;B-;roxo
Breno Vinicius Osvaldo Figueiredo;42;101.867.850-62;19.033.420-4;24/03/1982;Masculino;aries;Jennifer Sandra;Thomas Raul Renan Figueiredo;brenoviniciusfigueiredo@gmindustria.com.br;D6j8g6WSjr;49032-130;Rua Matapoa;198;Farolandia;Aracaju;SE;(79) 2646-4292;(79) 98710-2062;1,65;73;AB+;verde
Bruna Benedita Santos;75;667.960.734-52;19.293.480-6;07/05/1949;Feminino;Touro;Fernanda Evelyn;Fernando Kaue Thales Santos;brunabeneditasantos@rocketmail.com;U2JJNDJ3Gx;76801-760;Beco da Amizade;112;Sao Sebastiao;Porto Velho;RO;(69) 2947-3820;(69) 99475-7429;1,55;56;O-;preto
Bruno Augusto Sales;25;426.270.389-40;46.634.103-9;11/05/1999;Masculino;Touro;Natalia Clara;Igor Thiago Sales;brunoaugustosales@pib.com.br;L4O4Xtt4mu;59060-300;Avenida Jeronimo Camara;354;Nossa Senhora de Nazare;Natal;RN;(84) 2918-1998;(84) 99216-1754;1,74;91;B+;vermelho
Bruno Edson Joaquim Pereira;40;981.271.767-61;13.694.805-4;15/09/1984;Masculino;Virgem;Camila Adriana;Martin Paulo Pereira;bruno_pereira@campanati.com.br;ZSmZXdzI3w;57070-550;Rua Frei Damiao;317;Rio Novo;Maceio;AL;(82) 2517-5799;(82) 98244-3621;1,96;61;O-;azul
Bryan Enzo de Paula;51;057.145.653-71;11.254.089-2;04/01/1973;Masculino;Capricornio;Barbara Milena;Pedro Nicolas de Paula;bryan.enzo.depaula@argo.com.br;2HtFMIYChm;58105-714;Rua Rosemiro Rodrigues de Lima;577;Jacare;Cabedelo;PB;(83) 3587-2416;(83) 98532-3366;2;84;B-;preto
Bryan Kaue da Luz;80;895.186.727-76;18.330.638-7;04/10/1944;Masculino;Libra;Malu Silvana Josefa;Gabriel Geraldo da Luz;bryan_kaue_daluz@nipbr.com.br;XB065ZixI5;79092-080;Rua Felipe Calarge;364;Jardim Leblon;Campo Grande;MS;(67) 2627-0423;(67) 99957-3101;1,94;93;O+;vermelho
Caio Anderson Costa;27;572.956.386-87;10.446.053-2;15/07/1997;Masculino;Cancer;Rosangela Benedita;Bruno Edson Costa;caio-costa99@power.alston.com;kZyUG53lFm;15040-674;Rua alvaro Rodrigues Laranja;401;Parque Residencial J. Macedo;Sao Jose do Rio Preto;SP;(17) 2804-1214;(17) 98169-2305;1,92;79;A+;vermelho
Caleb Leonardo Aragao;50;385.815.485-71;11.984.052-2;05/10/1974;Masculino;Libra;Livia Sara Eloa;Luis Ian Augusto Aragao;caleb-aragao70@sorocaba.com;o8qJ4yHyRp;69901-322;Rua Casa Nova ll;272;Baixa da Colina;Rio Branco;AC;(68) 2857-9298;(68) 99624-9012;1,83;66;AB+;azul
Calebe Bruno Nunes;36;303.766.433-90;19.108.083-4;11/01/1988;Masculino;Capricornio;Renata Eloa Elaine;Matheus Otavio Nunes;calebe_nunes@academiaconcerto.art.br;uWfkPlwI1j;75705-620;Rua 121;146;Setor Aeroporto;Catalao;GO;(64) 2525-5161;(64) 98932-8174;1,61;63;O-;vermelho
Camila Cecilia Jennifer Caldeira;38;997.179.706-29;29.520.233-6;15/02/1986;Feminino;Aquario;Luna Eduarda;Tiago Caua Caldeira;camila_cecilia_caldeira@gameecia.com.br;RlYtSeq9jp;59610-080;Rua Doutor Mario Negocio;905;Centro;Mossoro;RN;(84) 3651-3177;(84) 98475-3326;1,57;86;B-;laranja
Carla Hadassa Brenda Moraes;67;053.104.824-15;30.254.542-6;27/09/1957;Feminino;Libra;Andreia Ayla;Emanuel Hugo Moraes;carla-moraes80@kinouchi.com.br;yzEjF8pmGO;65052-116;Residencial Itaguara II;547;Cohatrac;Sao Luis;MA;(98) 2739-9377;(98) 99894-8926;1,61;76;O+;laranja
Carla Helena Nunes;50;753.761.092-40;29.470.762-1;02/05/1974;Feminino;Touro;Rayssa Stella Analu;Isaac Diogo Nunes;carla.helena.nunes@santosdumonthospital.com.br;RDU7jEuW3g;20550-000;Avenida Heitor Beltrao;558;Tijuca;Rio de Janeiro;RJ;(21) 2648-0171;(21) 98411-8176;1,75;80;B+;laranja
Carlos Igor Castro;61;441.740.936-60;17.630.630-4;14/04/1963;Masculino;aries;Rebeca Mariana;Vinicius Matheus Castro;carlos_castro@w3ag.com;sweeakKd5f;69312-245;Rua Amancio Ferreira de Lucena;144;Asa Branca;Boa Vista;RR;(95) 2879-5841;(95) 99314-8990;1,77;89;B+;preto
Carolina Amanda Laura Rodrigues;37;311.029.684-55;14.315.847-8;23/07/1987;Feminino;Leao;Carla Beatriz Marli;Noah Pietro Tiago Rodrigues;carolina-rodrigues76@foxtech.com.br;e35US36UGf;70720-660;Quadra SCRN 702/703 Bloco F;538;Asa Norte;Brasilia;DF;(61) 3776-7549;(61) 99702-5311;1,63;75;A+;laranja
Carolina Ayla Olivia Assuncao;64;520.566.919-57;32.071.232-1;16/08/1960;Feminino;Leao;Sophie Luna Sarah;Heitor Oliver Assuncao;carolina_assuncao@moncoes.com.br;TqOpeOTgQh;68928-283;1ª Travessa da Sao Joao;792;Fonte Nova;Santana;AP;(96) 3715-8316;(96) 99525-6262;1,71;77;O+;amarelo
Carolina Tatiane Gomes;24;827.007.261-38;43.893.305-9;27/01/2000;Feminino;Aquario;Daniela Daniela Stefany;Leonardo Ian Andre Gomes;carolina.tatiane.gomes@temavonfeccaosjc.com.br;4hZUxZHSNL;77814-807;Avenida Chico Mendes;395;Loteamento Monte Sinai;Araguaina;TO;(63) 3974-5263;(63) 99785-2057;1,5;65;AB+;laranja
Caroline Catarina Porto;23;711.439.409-89;14.939.271-0;20/04/2001;Feminino;aries;Bianca Marina;Noah Breno Caue Porto;caroline.catarina.porto@zigotto.com.br;Ak9QlRiGGF;74477-018;Rua A 32;697;Da Vitoria;Goiania;GO;(62) 2714-4647;(62) 99162-3481;1,6;57;AB-;vermelho
Caroline Isabela Andrea Fogaca;26;968.351.461-84;43.840.809-3;02/10/1998;Feminino;Libra;Eliane Vera Mirella;Pietro Victor Fogaca;caroline.isabela.fogaca@pobox.com;oK7CHwbniH;64606-405;Avenida Doroteu Neres;511;Paraibinha;Picos;PI;(89) 3831-0753;(89) 98974-3273;1,61;76;AB+;azul
Caroline Vera Nascimento;57;173.320.817-84;17.593.448-4;07/09/1967;Feminino;Virgem;Carolina Betina Tereza;Enrico Igor Daniel Nascimento;caroline_vera_nascimento@zipmail.com;o2qLMPMADX;65908-444;Rua Safira;529;Jardim Perola;Imperatriz;MA;(98) 2543-7868;(98) 98866-9386;1,7;83;AB-;verde
Catarina Flavia Costa;32;592.501.616-54;42.766.070-1;23/07/1992;Feminino;Leao;Priscila Clarice;Jorge Nelson Costa;catarina-costa92@novaface.com.br;6jaLyLsOUM;25081-080;Rua Quatorze;582;Vila Operaria;Duque de Caxias;RJ;(21) 3602-1158;(21) 98973-7260;1,53;80;O-;vermelho
Catarina Natalia da Conceicao;79;834.612.452-08;50.306.203-0;22/02/1945;Feminino;Peixes;Francisca Tereza Carolina;Luis Samuel da Conceicao;catarina_natalia_daconceicao@oxiteno.com;JzFgX0pRY3;69902-419;Travessa Manaus;419;Eldorado;Rio Branco;AC;(68) 2662-6818;(68) 99696-1805;1,56;46;O-;vermelho
Caua Danilo Jesus;69;354.711.587-68;44.432.894-4;19/06/1955;Masculino;Gemeos;Daiane Raquel;Gustavo Thiago Jesus;caua.danilo.jesus@me.com;JiDGUF96LB;50850-120;Rua Manoel de Albuquerque Fernandes;736;Afogados;Recife;PE;(81) 3988-6472;(81) 98315-3918;1,73;69;B+;verde
Caua Filipe Renan Monteiro;54;576.085.320-17;11.400.059-1;17/04/1970;Masculino;aries;Rafaela Fabiana;Danilo Geraldo Anthony Monteiro;cauafilipemonteiro@amplisat.com.br;Jjl5mJdAZz;88307-350;Rua Aldo Marcos da Cunha;832;Ressacada;Itajai;SC;(47) 3779-2686;(47) 98467-1168;1,82;104;O+;vermelho
Caue Matheus Manoel Barbosa;20;235.544.967-82;27.008.266-9;08/03/2004;Masculino;Peixes;Laura Nicole;Henry Breno Daniel Barbosa;caue-barbosa84@bbcreative.org;RzAd2Hu8qx;77060-194;Avenida 1;693;Jardim Aureny II (Taquaralto);Palmas;TO;(63) 3715-3967;(63) 99405-3639;1,63;58;AB-;vermelho
Cesar Benjamin Carvalho;22;050.241.949-00;13.894.410-6;07/08/2002;Masculino;Leao;Isis Jessica;Francisco Thiago Carvalho;cesar_carvalho@cladm.com.br;xq6L4ANssc;49087-600;Rua Senhor do Bonfim;788;Santos Dumont;Aracaju;SE;(79) 2570-8015;(79) 99491-7467;1,92;87;A+;roxo
Clarice Sarah Laura Alves;48;547.413.276-04;34.217.620-1;22/01/1976;Feminino;Aquario;Maite Tereza;Claudio Luiz Victor Alves;clarice_alves@gconsult.com.br;x92YXYd1OL;57085-075;Quadra 4;731;Benedito Bentes;Maceio;AL;(82) 2787-2692;(82) 99345-6491;1,64;62;B-;verde
Claudia Emanuelly dos Santos;75;334.647.497-62;12.876.393-0;12/04/1949;Feminino;aries;Mariane Jessica;Pietro Noah Otavio dos Santos;claudia.emanuelly.dossantos@dpi.indl.com.br;63Skmymnb6;88505-226;Rua Timbo;883;Petropolis;Lages;SC;(49) 3803-5528;(49) 98139-7626;1,77;45;O-;vermelho
Cristiane Luiza Moreira;25;381.713.391-07;40.477.562-7;03/10/1999;Feminino;Libra;Luzia Renata Cristiane;Tiago Manuel Geraldo Moreira;cristiane.luiza.moreira@studiodeideias.com;8nEPrLY37i;54335-050;Rua Mirador;110;Prazeres;Jaboatao dos Guararapes;PE;(81) 3601-6331;(81) 98138-7330;1,83;64;B+;roxo
Daniel Benjamin Porto;19;396.483.872-14;24.983.606-3;17/05/2005;Masculino;Touro;Helena Aparecida;Carlos Daniel Nelson Porto;daniel.benjamin.porto@cenia.com.br;ZQEi73Ty0H;63040-670;Rua Jose Carneiro Filho;540;Lagoa Seca;Juazeiro do Norte;CE;(88) 3804-1361;(88) 98209-4003;1,62;53;B+;azul
Daniel Marcelo Julio Campos;29;224.224.417-50;13.753.681-1;16/06/1995;Masculino;Gemeos;Louise Antonella Malu;Danilo Guilherme Vicente Campos;daniel_marcelo_campos@asconnet.com.br;QDNf7wNTBR;72641-141;Quadra Quadra 605 Conjunto 26-B;344;Recanto das Emas;Brasilia;DF;(61) 2929-5800;(61) 98376-0402;1,77;88;AB-;amarelo
Daniela Isadora Livia Duarte;42;209.040.002-14;44.983.635-6;09/01/1982;Feminino;Capricornio;Claudia Ayla Jaqueline;Erick Yuri Eduardo Duarte;daniela_isadora_duarte@advogadostb.com.br;PTsheYIyKQ;74740-360;Rua AP 1;391;Conjunto Residencial Aruana III;Goiania;GO;(62) 3756-8133;(62) 99970-2463;1,85;72;A-;roxo
Daniela Mirella Almada;42;366.096.436-01;19.144.169-7;26/02/1982;Feminino;Peixes;Eliane Maya;Edson Rodrigo Leandro Almada;daniela.mirella.almada@aol.com;hMU0tJn1sS;49048-520;Rua Joao Carlos de Oliveira;193;Luzia;Aracaju;SE;(79) 3889-2007;(79) 99774-8337;1,61;77;O-;amarelo
Davi Felipe Guilherme Sales;76;185.102.050-00;13.978.023-3;07/07/1948;Masculino;Cancer;Lorena Daniela Tereza;Pedro Julio Sales;davi-sales82@ntiequipamentos.com.br;4TXm9NUrP3;67010-260;Passagem Cristo Rei;553;Guanabara;Ananindeua;PA;(91) 2876-2399;(91) 98351-0555;1,86;89;O-;roxo
Diogo Augusto Novaes;66;871.730.333-81;17.207.218-9;13/04/1958;Masculino;aries;Nair Melissa Josefa;Nicolas Leonardo Augusto Novaes;diogo.augusto.novaes@gimail.com;YKqyoiQ51L;78132-664;Rua Rosa Branca;948;Primavera;Varzea Grande;MT;(65) 2897-1394;(65) 99471-7359;1,99;56;O-;roxo
Diogo Rafael Anthony Cardoso;36;580.663.448-56;42.507.016-5;17/04/1988;Masculino;aries;Adriana Rafaela Lucia;Calebe Caleb Gael Cardoso;diogo-cardoso72@skapcom.com.br;AUjMLwI0HH;54470-440;Rua Visel;627;Barra de Jangada;Jaboatao dos Guararapes;PE;(81) 3694-1239;(81) 99850-5793;1,76;70;A-;preto
Eduardo Benicio Martin Novaes;30;602.308.943-72;21.436.099-4;03/06/1994;Masculino;Gemeos;Aline Adriana Teresinha;Leandro Igor Novaes;eduardo_benicio_novaes@gutembier.com.br;EEKLPf7p46;18200-200;Rua Alfredo Maia;601;Centro;Itapetininga;SP;(15) 3669-4188;(15) 99943-5228;1,62;63;AB+;amarelo
Elaine Francisca Jesus;25;450.330.803-34;50.850.524-0;12/09/1999;Feminino;Virgem;Eduarda Vanessa;Elias Arthur Jesus;elaine_francisca_jesus@alphagraphics.com.br;5mQCEe4Mjx;49065-040;Travessa Altamira;984;Industrial;Aracaju;SE;(79) 2964-4911;(79) 99481-4675;1,82;66;B-;verde
Emanuel Bento Santos;32;168.852.071-60;22.736.424-7;12/07/1992;Masculino;Cancer;Luiza Rosangela Maya;Luiz Noah Santos;emanuelbentosantos@embraer.com;lC12OYkx4m;93344-300;Rua Jose Kayser;918;Primavera;Novo Hamburgo;RS;(51) 3957-3534;(51) 99895-7812;1,91;61;O+;preto
Emanuel Thales Ramos;40;278.241.912-90;16.957.475-1;08/04/1984;Masculino;aries;Eloa Fatima Teresinha;Oliver Pedro Henrique Ramos;emanuelthalesramos@agenziamarketing.com.br;IQ0jJ0MMss;95033-318;Rua Reynaldo Joao Piccoli;487;Monte Berico;Caxias do Sul;RS;(54) 3728-2133;(54) 99880-3268;1,7;85;AB+;azul
Emanuel Thomas Calebe Nascimento;75;582.852.394-54;26.312.523-3;01/10/1949;Masculino;Libra;Alana Malu Raquel;Marcos Nathan Marcos Vinicius Nascimento;emanuelthomasnascimento@afsn.com.br;5urzrNAc6o;76913-772;Rua Sena Madureira;524;Riachuelo;Ji-Parana;RO;(69) 2971-6493;(69) 98909-7354;1,75;96;B+;vermelho
Emilly Ayla Rita Araujo;54;252.588.960-64;36.777.738-1;23/04/1970;Feminino;Touro;Marcela Nicole;Kaique Joaquim Araujo;emillyaylaaraujo@sefaz.am.gov.br;iUH2IggSU6;69314-025;Rua Pirapitinga;427;Piscicultura;Boa Vista;RR;(95) 3897-5997;(95) 98259-6187;1,65;81;B+;vermelho
Emilly Isabella Gomes;59;614.071.658-60;18.837.892-3;03/10/1965;Feminino;Libra;Luzia Sara;Osvaldo Heitor Heitor Gomes;emillyisabellagomes@hersa.com.br;0BoePo4KsX;52070-450;Rua Urussanga;764;Casa Amarela;Recife;PE;(81) 3664-5606;(81) 98350-1707;1,71;57;B+;preto
Emilly Sophia Costa;28;036.008.713-23;32.469.757-0;18/09/1996;Feminino;Virgem;Vanessa Betina;Lucca Luan Costa;emillysophiacosta@meiryjoias.com.br;hA4e4tSkaa;78115-884;Rua Presidente Tancredo Neves;766;Ponte Nova;Varzea Grande;MT;(65) 3724-9268;(65) 99321-2356;1,72;56;A-;roxo
Enzo Severino Breno da Luz;23;289.860.745-24;36.732.048-4;08/05/2001;Masculino;Touro;Renata Valentina Nicole;Renan Giovanni Matheus da Luz;enzoseverinodaluz@impactatp.com.br;kj3mURQyj7;19907-390;Rua Horacio Berlink;466;Jardim Bela Vista;Ourinhos;SP;(14) 3804-3879;(14) 99616-4823;1,7;65;A-;azul
Ester Daiane Assis;31;418.936.695-13;26.494.658-3;20/09/1993;Feminino;Virgem;Kamilly Brenda Luciana;Fabio Thales Diogo Assis;ester_daiane_assis@rebecacometerra.com.br;9oPQ71UfoF;70655-775;Quadra SHCES Quadra 707 Bloco E;276;Cruzeiro Novo;Brasilia;DF;(61) 3696-9360;(61) 98619-5380;1,7;48;A+;verde
Ester Emanuelly Brito;71;435.939.531-02;34.707.679-8;22/05/1953;Feminino;Gemeos;Simone Alessandra;Nelson Luan Brito;ester.emanuelly.brito@emerson.com;J6jP0WHlEk;29194-323;Rua 28 de Outubro;821;Limao;Aracruz;ES;(27) 2596-4121;(27) 98331-8244;1,68;68;AB+;verde
Ester Laura Ayla Silva;66;537.774.242-77;21.359.618-0;13/07/1958;Feminino;Cancer;Eliane Heloise Antonella;Caue Joao Silva;esterlaurasilva@projetti.com;TclCDa1sPF;57307-780;Rua Manoel Pedro de Lima;703;Jardim Esperanca;Arapiraca;AL;(82) 2956-6805;(82) 98958-6861;1,67;77;B+;amarelo
Ester Patricia Lopes;65;165.408.846-30;35.334.473-4;08/10/1959;Feminino;Libra;Analu Carolina Lara;Ruan Raimundo Breno Lopes;esterpatricialopes@vlcorporate.com;5d16Tfy9Wx;95060-357;Rua Luiz Zanrosso;593;Ana Rech;Caxias do Sul;RS;(54) 3503-5251;(54) 99406-9595;1,74;65;B+;amarelo
Esther Maya Santos;60;976.560.872-14;21.224.080-8;08/10/1964;Feminino;Libra;Julia Catarina;Fabio Yago Alexandre Santos;esthermayasantos@danielvasconcelos.com.br;gzOYArfQHe;69312-305;Avenida Nossa Senhora de Nazare;741;Asa Branca;Boa Vista;RR;(95) 3954-6391;(95) 98244-6536;1,63;76;A+;azul
Esther Tereza Rodrigues;74;991.657.766-82;49.297.800-1;01/03/1950;Feminino;Peixes;Sara Tania;Jorge Arthur Rodrigues;estherterezarodrigues@granvale.com.br;u1AmoFSS9m;64040-450;Rua Sao Roque;874;Angelim;Teresina;PI;(86) 3706-3643;(86) 99262-3080;1,67;79;A+;preto
Evelyn Emilly Lima;30;210.097.248-00;33.266.826-5;02/10/1994;Feminino;Libra;Raimunda Isadora;Thiago Joao Lucca Lima;evelyn-lima87@uol.com;4RbWbsJi52;77022-414;Quadra 706 Sul Avenida LO 19;747;Plano Diretor Sul;Palmas;TO;(63) 2736-8912;(63) 98834-4099;1,75;82;B+;azul
Evelyn Marcia Pinto;53;535.859.772-78;22.990.350-2;22/05/1971;Feminino;Gemeos;Sonia Jennifer Lucia;Enzo Elias Antonio Pinto;evelyn-pinto91@bplan.com.br;FUF6WYegaf;68928-313;Avenida Brasil;994;Fonte Nova;Santana;AP;(96) 3733-8770;(96) 99165-2712;1,61;82;AB+;vermelho
Fabio Osvaldo Silveira;52;288.404.945-29;33.274.437-1;08/01/1972;Masculino;Capricornio;Elza Mirella;Juan Leonardo Elias Silveira;fabioosvaldosilveira@gaviola.com;CKqoQwI4cg;29703-150;Rua Cearense;694;Sao Silvano;Colatina;ES;(27) 3736-0214;(27) 98291-3869;1,81;110;A-;laranja
Fabio Ruan Nathan Rodrigues;63;792.012.851-08;29.039.539-2;26/01/1961;Masculino;Aquario;Mirella Benedita Emily;Emanuel Martin Rodrigues;fabioruanrodrigues@microdoc.com.br;St0ZB2Og0b;73750-092;Quadra 5 MR 11;415;Setor Oeste;Planaltina;GO;(61) 2514-4502;(61) 98654-0765;1,84;53;B+;roxo
Fernanda Lara Novaes;47;588.926.630-62;34.545.085-1;26/09/1977;Feminino;Libra;Vanessa Helena;Alexandre Cesar Diogo Novaes;fernanda-novaes75@vmetaiscba.com.br;jIi5CePlFX;48602-490;Avenida Landulfo Alves;740;Centro;Paulo Afonso;BA;(75) 2777-7862;(75) 98481-8637;1,67;76;A+;azul
Fernanda Nair da Paz;56;876.846.284-02;41.106.381-9;08/10/1968;Feminino;Libra;Eduarda Vera;Ruan Vinicius da Paz;fernanda_dapaz@monetto.com.br;uP4piMcEKm;72549-550;Setor Polo de Desenvolvimento Juscelino Kubitschek Trecho 1 Conjunto 10;879;Santa Maria;Brasilia;DF;(61) 3813-9894;(61) 99804-8659;1,6;69;B+;preto
Fernando Benjamin dos Santos;33;411.239.907-35;21.481.008-2;04/10/1991;Masculino;Libra;Melissa Maria Leticia;Manuel Jose Diogo dos Santos;fernando_benjamin_dossantos@acaocontabilsjc.com.br;PJAwjK9bAJ;89809-600;Rua Palmitos;310;Efapi;Chapeco;SC;(49) 3981-4921;(49) 99101-6074;1,63;110;B-;roxo
Fernando Caio Barros;69;797.909.515-40;46.223.953-6;20/03/1955;Masculino;Peixes;Carolina Ayla;Caleb Leonardo Barros;fernando_barros@grupoitamaraty.com.br;6EcyxhbKzn;79035-555;Rua Itambe;381;Parque dos Novos Estados;Campo Grande;MS;(67) 2572-6973;(67) 98771-1080;1,75;59;B+;verde
Fernando Carlos da Mota;21;515.634.257-42;10.982.282-1;12/03/2003;Masculino;Peixes;Isabela Mariane;Yago Roberto Joaquim da Mota;fernando-damota72@cerimoniallis.com.br;nrCQTWj22j;26295-000;Rua da Igreja;395;Marapicu;Nova Iguacu;RJ;(21) 2695-9683;(21) 98317-2489;1,7;71;A+;laranja
Fernando Nathan Enrico Brito;53;952.563.999-18;43.055.194-0;23/04/1971;Masculino;Touro;Juliana Luiza Sebastiana;Andre Danilo Brito;fernando-brito83@fortlar.com.br;E4oM02MEEk;66840-660;Alameda Fidelis;350;Sao Joao do Outeiro (Outeiro);Belem;PA;(91) 2741-7998;(91) 98792-1127;1,65;104;O-;verde
Flavia Aparecida Vanessa Figueiredo;71;157.759.990-02;45.487.664-6;09/04/1953;Feminino;aries;Teresinha Lais Leticia;Thales Samuel Figueiredo;flaviaaparecidafigueiredo@danielstrauch.com;a9RZzi8Oxt;70658-457;Quadra SHCES Quadra 1405 Bloco G;566;Cruzeiro Novo;Brasilia;DF;(61) 3558-3310;(61) 98716-2281;1,53;49;AB-;vermelho
Flavia Brenda Rosa Martins;72;023.359.161-30;11.388.299-3;05/08/1952;Feminino;Leao;Catarina Francisca Daniela;Theo Lucas Martins;flavia_martins@aclnet.com.br;ZNskzsW9jB;38412-532;Rua Coxim;218;Bela Vista;Uberlandia;MG;(34) 2591-6343;(34) 98384-6636;1,79;85;O-;preto
Flavia Sueli Jessica Jesus;32;422.140.078-14;23.840.927-2;24/07/1992;Feminino;Leao;Caroline Pietra;Lucas Kaique Lorenzo Jesus;flavia_jesus@kimmay.com.br;llL6aNIa2o;69903-006;Rua Edmundo Pinto;511;Conjunto Xavier Maia;Rio Branco;AC;(68) 3776-6928;(68) 99144-6013;1,69;90;B-;roxo
Francisca Flavia Malu Drumond;67;205.536.098-15;23.788.310-7;01/08/1957;Feminino;Leao;Marlene Sabrina Gabriela;Ricardo Renato Sebastiao Drumond;francisca_drumond@evolink.com.br;IYcJpAgw2p;64063-770;Rua Clovis Firmeza;961;Socopo;Teresina;PI;(86) 2886-0645;(86) 98546-6262;1,79;81;A-;verde
Francisca Lorena Raimunda Moreira;43;891.727.326-28;27.925.020-4;22/05/1981;Feminino;Gemeos;Betina Rita Maite;Daniel Fabio Moreira;franciscalorenamoreira@proshock.com.br;7OLZ6F8Y5k;77804-090;Rua Santa Cruz;753;Setor Central;Araguaina;TO;(63) 2946-3592;(63) 98585-4263;1,71;68;A-;verde
Francisco Diogo Silva;51;400.479.369-67;43.423.488-6;27/01/1973;Masculino;Aquario;Alice Cecilia;Otavio Caue Silva;franciscodiogosilva@moyageorges.com.br;bGlGeXlWwK;76963-639;Avenida Dois de Junho;548;Jardim Clodoaldo;Cacoal;RO;(69) 3958-9914;(69) 98143-4971;1,77;72;A+;vermelho
Francisco Otavio da Luz;51;617.742.546-11;26.113.005-5;26/03/1973;Masculino;aries;Sara Alicia;Elias Heitor Marcos da Luz;francisco.otavio.daluz@centerdiesel.com.br;Pf48Z6qEUa;45002-075;Rua Candido Flores;821;Guarani;Vitoria da Conquista;BA;(77) 3826-2180;(77) 98625-8203;1,86;103;A-;verde
Gabriel Julio Goncalves;28;787.259.417-04;46.580.368-4;07/02/1996;Masculino;Aquario;Luzia Eloa Milena;Ryan Fabio Nelson Goncalves;gabriel-goncalves73@editorazap.com.br;ZdgH9wk4P6;76808-574;Rua das Mangueiras;924;Eletronorte;Porto Velho;RO;(69) 2706-9454;(69) 99880-9087;1,81;81;B-;roxo
Gabriela Natalia Gomes;25;827.498.826-48;38.660.019-3;10/01/1999;Feminino;Capricornio;Agatha Isabella;Vinicius Augusto Gomes;gabriela-gomes88@azulcargo.com.br;A7cuMYP08z;80030-050;Rua Ary Camargo Queiroz;959;Centro Civico;Curitiba;PR;(41) 2865-9687;(41) 99483-3038;1,68;68;B+;roxo
Gabrielly Silvana Cecilia Rezende;70;449.140.150-05;31.542.671-8;04/09/1954;Feminino;Virgem;Antonella Leticia Malu;Paulo Yuri Rezende;gabriellysilvanarezende@raninho.com.br;8JFOGRwFJR;78540-970;Avenida Marechal Candido Rondon 1382;150;Centro;Claudia;MT;(66) 3984-9625;(66) 99520-3747;1,56;83;B-;amarelo
Gabrielly Sonia da Rocha;73;214.572.781-70;11.632.427-2;04/10/1951;Feminino;Libra;Giovanna Kamilly;Benjamin Jorge da Rocha;gabrielly_sonia_darocha@mourafiorito.com;L7PppyqhUB;69099-505;Rua Sao Dinis;684;Cidade de Deus;Manaus;AM;(92) 3831-4989;(92) 98904-1844;1,78;57;B+;vermelho
Gael Gael Leonardo de Paula;33;546.555.442-87;18.955.477-0;21/07/1991;Masculino;Cancer;Alana Pietra;Rafael Pedro Julio de Paula;gael-depaula70@marketingvale.com.br;njfWeXLR70;40365-665;Travessa Doutor Aristides de Oliveira;620;Curuzu;Salvador;BA;(71) 2877-7905;(71) 98132-9376;1,92;104;B+;azul
Gael Marcos Vinicius Carvalho;61;760.235.932-16;40.675.239-4;06/03/1963;Masculino;Peixes;Sabrina Carolina Andrea;Marcio Kaue Theo Carvalho;gael_marcos_carvalho@mmetalica.com.br;WF2SuXbFfC;64017-390;Rua Tote Carvalho;898;Monte Castelo;Teresina;PI;(86) 2785-1903;(86) 98451-2686;1,67;67;B+;vermelho
Gael Rafael das Neves;55;431.833.007-96;10.585.044-5;09/10/1969;Masculino;Libra;Isabela Luiza Milena;Marcos Vinicius Jorge das Neves;gaelrafaeldasneves@ddfnet.com.br;hrfdmY2c6J;57015-586;Rua S;149;Vergel do Lago;Maceio;AL;(82) 3987-1593;(82) 98270-3078;1,85;109;A+;amarelo
Geraldo Felipe Lorenzo Farias;58;729.899.910-93;41.185.470-7;21/06/1966;Masculino;Cancer;Lorena Eloa Clarice;Renan Kaique Farias;geraldo_felipe_farias@revati.com.br;dpD3s3fW1D;77019-440;Quadra 1203 Sul Alameda 3;222;Plano Diretor Sul;Palmas;TO;(63) 3755-6466;(63) 98267-3176;1,76;88;A+;azul
Giovana Bianca Aparicio;36;725.142.402-98;41.005.286-3;18/05/1988;Feminino;Touro;Vanessa Antonia Stefany;Bernardo Renan Antonio Aparicio;giovana-aparicio98@agenciadbd.com;fUgq8ApwWB;36305-029;Rua aguas Limpas;802;Matozinhos;Sao Joao Del Rei;MG;(32) 2983-2981;(32) 98521-8368;1,6;45;O-;azul
Giovana Nair Alves;26;477.066.095-29;23.093.988-0;27/09/1998;Feminino;Libra;Cristiane Carolina Vera;Enrico Vinicius Alves;giovana_nair_alves@jammer.com.br;aDo9GfSbMo;68903-134;Rua A;202;Pedrinhas;Macapa;AP;(96) 2929-4957;(96) 98157-9663;1,54;70;AB+;verde
Giovanna Analu da Paz;70;946.343.085-76;31.607.221-7;27/03/1954;Feminino;aries;Helena Jennifer Jennifer;Leonardo Enrico da Paz;giovanna.analu.dapaz@live.co.uk;X0eMB1Xqtb;55293-410;Rua Doutor Osorio Souto;831;Santo Antonio;Garanhuns;PE;(87) 2996-8122;(87) 99385-3879;1,62;64;AB-;verde
Gustavo Carlos Eduardo Nicolas Duarte;67;967.297.483-38;17.609.650-4;01/03/1957;Masculino;Peixes;Sueli Mariah Regina;Raul Carlos Duarte;gustavocarlosduarte@renoveseuseguro.com;dmns21I2lW;29046-524;Beco Precateiro;543;Santa Martha;Vitoria;ES;(27) 3781-3354;(27) 98900-5115;1,79;54;AB-;preto
Hadassa Hadassa Moura;66;269.618.309-00;50.890.329-4;21/04/1958;Feminino;Touro;Flavia Jessica Mirella;Edson Luis Moura;hadassa-moura76@zigotto.com.br;N2NT3qYBQO;64011-626;Rua Dezenove;166;Aroeiras;Teresina;PI;(86) 3583-5452;(86) 99104-5251;1,84;45;B-;azul
Heitor Enrico Moraes;21;435.238.639-10;42.070.852-2;24/04/2003;Masculino;Touro;Luciana Milena;Raimundo Noah Mario Moraes;heitor.enrico.moraes@domain.com.br;D0a6ZqqwXx;35502-562;Rua Pedro Ferreira do Amaral;949;Padre Liberio;Divinopolis;MG;(37) 2912-9252;(37) 98165-1845;1,64;80;B-;preto
Helena Isabelle Rocha;75;455.576.168-53;23.448.611-9;04/04/1949;Feminino;aries;Maya Gabriela;Fabio Gael Rocha;helena.isabelle.rocha@racml.com.br;kTgJwke3jB;64013-220;Rua Gandu;175;Santa Maria da Codipe;Teresina;PI;(86) 3903-4066;(86) 99396-5575;1,65;53;O+;laranja
Helena Rosangela da Rosa;40;776.125.970-47;16.270.190-1;10/03/1984;Feminino;Peixes;Vera Alice;Edson Bruno da Rosa;helena-darosa74@hushmail.com;alqJMMgyBh;60441-720;Rua Coronel Nunes de Melo;922;Bela Vista;Fortaleza;CE;(85) 3663-6230;(85) 99812-0846;1,56;85;AB-;verde
Heloisa Teresinha Giovana Silva;74;884.897.967-00;15.231.413-1;16/02/1950;Feminino;Aquario;Cecilia Mariana;Benjamin Ruan Silva;heloisa_silva@mixfmmanaus.com.br;ZxGrjAGXFN;59139-425;Rua Enfermeira Carmelita Gomes;492;Lagoa Azul;Natal;RN;(84) 2767-5541;(84) 99639-9274;1,65;61;AB+;roxo
Heloisa Yasmin Raimunda Sales;34;143.571.433-49;25.581.839-7;11/04/1990;Feminino;aries;Josefa Elza Helena;Benjamin Pedro Henrique Sales;heloisa.yasmin.sales@araraquara.com.br;jfnLotksCf;79095-144;Rua Lagoa Bonita;543;Lagoa Park;Campo Grande;MS;(67) 3655-7936;(67) 98641-2187;1,53;52;O+;roxo
Hugo Anderson Elias Almada;51;367.453.247-68;38.728.130-7;20/04/1973;Masculino;aries;Emily Giovana Luna;Cesar Oliver Giovanni Almada;hugo_almada@biconsult.com.br;IbTojdAidb;99709-290;Avenida Sete de Setembro;776;Fatima;Erechim;RS;(54) 3569-6327;(54) 99952-4871;1,82;90;AB+;laranja
Iago Joao Tomas Moraes;79;909.325.888-59;10.880.466-5;15/01/1945;Masculino;Capricornio;Jaqueline Elaine;Alexandre Calebe Moraes;iago-moraes99@conexao.com;PdXNg0XRAr;49065-063;Travessa B;840;Industrial;Aracaju;SE;(79) 2951-3059;(79) 98740-8460;1,71;86;AB-;preto
Iago Sebastiao Matheus da Cunha;32;742.073.705-36;48.896.860-4;15/08/1992;Masculino;Leao;Luana Teresinha;Arthur Marcos Vinicius Emanuel da Cunha;iago_dacunha@valdulion.com.br;Q0NIuKW2eM;69313-482;Rua Maria Rodrigues dos Santos;991;Tancredo Neves;Boa Vista;RR;(95) 3591-2275;(95) 98109-0712;1,82;66;B+;roxo
Ian Bernardo das Neves;44;211.288.269-41;38.466.985-2;24/07/1980;Masculino;Leao;Elaine Marlene;Diogo Manuel das Neves;ian_dasneves@technicolor.com;QJ2LjqmHqw;27944-745;Rua Sao Judas;247;Jardim Vitoria;Macae;RJ;(22) 3733-8464;(22) 98538-5221;1,91;101;B+;vermelho
Ian Leandro Caio da Cruz;45;270.434.259-80;13.159.176-9;08/10/1979;Masculino;Libra;Teresinha Carolina;Carlos Eduardo Ruan Murilo da Cruz;ian-dacruz76@desari.com.br;lBw1pTAmZq;08461-440;Rua Jose da Silva Santos;998;Jardim Sao Paulo(Zona Leste);Sao Paulo;SP;(11) 2800-6257;(11) 98558-2599;2;66;B+;laranja
Igor Felipe Nathan Moura;19;365.779.637-11;20.830.349-2;12/02/2005;Masculino;Aquario;Silvana Sueli Marli;Alexandre Luan Moura;igorfelipemoura@tatyanecolo.com;Jw2w3f1Q4I;39401-405;Rua Quarenta e Sete;449;Ibituruna;Montes Claros;MG;(38) 2929-6753;(38) 99541-3951;1,64;102;A+;vermelho
Igor Isaac Yuri Corte Real;30;865.789.386-05;45.040.839-5;17/05/1994;Masculino;Touro;Mariane Bruna Nicole;Renan Julio Corte Real;igorisaaccortereal@centroin.com.br;6QUrmtbP3o;69914-374;Rua Cruzeiro do Sul;903;Calafate;Rio Branco;AC;(68) 3714-5166;(68) 99291-8188;1,84;63;O-;preto
Isaac Edson Peixoto;79;946.869.695-22;40.759.122-9;02/10/1945;Masculino;Libra;Marcia Eloa Antonella;Osvaldo Caio Theo Peixoto;isaac_edson_peixoto@recoferindustria.com.br;lMoSdxUg0a;74723-070;Avenida D;629;agua Branca;Goiania;GO;(62) 3750-6359;(62) 98286-2449;1,71;62;AB+;azul
Isaac Henry Vieira;21;409.943.868-69;17.642.351-5;12/05/2003;Masculino;Touro;Rayssa Emilly Emanuelly;Geraldo Ruan Juan Vieira;isaac-vieira74@trbvm.com;EUT3OMHoJ1;68906-182;Avenida Equador;328;Sao Jose;Macapa;AP;(96) 3562-2109;(96) 98362-8312;1,91;106;A+;azul
Isaac Tomas Mendes;73;750.509.615-05;44.673.807-4;04/10/1951;Masculino;Libra;Amanda Luzia Sara;Marcos Gael Danilo Mendes;isaac-mendes82@fanger.com.br;7K8dlPWqP6;69911-528;Travessa Itamarati;943;Joao Eduardo II;Rio Branco;AC;(68) 2523-8464;(68) 98804-3248;1,6;96;B-;amarelo
Isabelle Brenda Drumond;41;358.904.172-23;38.814.583-3;13/08/1983;Feminino;Leao;Laura Andreia Sabrina;Caleb Samuel Vitor Drumond;isabelle_brenda_drumond@hoatmail.com;uyT80DMHJs;58057-560;Rua Pedro alvares Cabral;761;Mangabeira;Joao Pessoa;PB;(83) 3763-2506;(83) 98636-0052;1,72;66;B-;verde
Isabelly Mariah Joana Pinto;35;408.682.057-96;32.193.258-4;01/10/1989;Feminino;Libra;Barbara Marlene Mariane;Ruan Eduardo Pinto;isabelly_pinto@zigotto.com.br;9WqktdIHSX;29047-465;Servidao Jaconias Augusto Marriel;675;Itarare;Vitoria;ES;(27) 2596-8717;(27) 98915-1718;1,68;52;A-;azul
Isabelly Tereza Goncalves;66;545.127.375-88;15.076.140-5;02/09/1958;Feminino;Virgem;Bianca Laura Lorena;Filipe Ian Giovanni Goncalves;isabelly_goncalves@easytechconsultoria.com.br;43Lg1819qE;78735-780;Rua Malta;484;Jardim Europa;Rondonopolis;MT;(66) 3728-8627;(66) 98794-9577;1,5;69;AB+;laranja
Jaqueline Luana Fogaca;80;276.341.314-58;43.771.369-6;12/06/1944;Feminino;Gemeos;Elaine Mariana Alana;Jorge Danilo Gabriel Fogaca;jaqueline-fogaca81@salera.com.br;f8G9wFZ69l;71699-677;Quadra QC 12 Rua G;671;Jardins Mangueiral (Sao Sebastiao);Brasilia;DF;(61) 2512-9330;(61) 98933-0438;1,71;59;O+;vermelho
Jaqueline Sarah da Rocha;75;913.631.282-72;15.837.792-8;22/07/1949;Feminino;Leao;Lucia Livia Larissa;Leandro Osvaldo da Rocha;jaquelinesarahdarocha@dbacomp.com.br;P4amRrixpL;49090-810;Rua Jose Armando Costa;497;Bugio;Aracaju;SE;(79) 3998-8726;(79) 99637-7353;1,65;62;O+;laranja
Jessica Lucia Oliveira;26;867.026.085-94;26.399.339-5;16/03/1998;Feminino;Peixes;Kamilly Antonia Elaine;Filipe Sergio Oliveira;jessica_oliveira@iedi.com.br;n5yBWAp1u3;22031-901;Rua Siqueira Campos 43;856;Copacabana;Rio de Janeiro;RJ;(21) 3589-4888;(21) 99813-7705;1,66;59;O+;preto
Jessica Valentina Fogaca;29;738.285.593-79;43.543.370-2;22/08/1995;Feminino;Leao;Isabelly Regina Evelyn;Yago Juan Fogaca;jessica_valentina_fogaca@gutembier.com.br;QTttjXRsO0;65058-661;Rua Um;176;Santa Clara;Sao Luis;MA;(98) 2759-9616;(98) 98942-5094;1,59;69;B-;laranja
Joana Sophia Cavalcanti;28;423.415.374-56;33.606.792-6;27/08/1996;Feminino;Virgem;Carolina Ayla;Kaue Manoel Cavalcanti;joanasophiacavalcanti@claro.com.br;9iLzdAsA5Q;25977-080;Rua Paraguai;591;Albuquerque;Teresopolis;RJ;(21) 3746-0183;(21) 98289-1321;1,71;83;A-;vermelho
Joao Alexandre Pietro Sales;76;706.087.846-72;21.343.618-8;22/06/1948;Masculino;Cancer;Andrea Esther Carla;Luan Paulo Sales;joao_sales@imoveisvillani.com.br;dHgCFeiaqM;25243-540;Rua Doutor Dantas;579;Chacaras Rio-Petropolis;Duque de Caxias;RJ;(21) 3753-4050;(21) 99473-9580;2;65;O+;verde
Joao Anderson Ruan de Paula;77;000.876.946-03;28.695.352-3;04/02/1947;Masculino;Aquario;Aparecida Rayssa Heloise;Nathan Murilo de Paula;joao-depaula89@directnet.com;lCDn7z2NBf;64037-160;Rua Mariano de Carvalho Brito;833;Portal da Alegria;Teresina;PI;(86) 2628-6634;(86) 99915-7610;1,75;50;A+;vermelho
Joao Bruno Martin Mendes;21;559.976.680-29;12.998.816-9;17/08/2003;Masculino;Leao;Sophia Alicia Melissa;Theo Pedro Mendes;joao-mendes97@velc.com.br;RgDsJd1bxN;69009-135;Rua Curuca;331;Puraquequara;Manaus;AM;(92) 2870-6543;(92) 98823-5112;1,74;105;A+;preto
Joaquim Cesar Rodrigues;32;416.534.084-72;13.439.412-4;07/04/1992;Masculino;aries;Teresinha Rosangela Agatha;Antonio Igor Jorge Rodrigues;joaquim.cesar.rodrigues@mv1.com.br;Tn6oTLzbXc;69058-116;Rua Barao de Lucena;337;Parque 10 de Novembro;Manaus;AM;(92) 2983-8512;(92) 99625-6773;1,62;87;B+;roxo
Joaquim Filipe Corte Real;71;005.523.174-89;15.467.984-7;25/04/1953;Masculino;Touro;Nina Malu;Ian Ruan Gabriel Corte Real;joaquim_filipe_cortereal@camarasjc.sp.gov.br;zkwbYWKWzG;57073-170;Rua Francisca Amelia de Santana;957;Cidade Universitaria;Maceio;AL;(82) 3782-7575;(82) 99686-3319;1,65;93;A-;verde
Joaquim Marcio Enrico Viana;27;413.143.865-81;19.691.927-7;01/01/1997;Masculino;Capricornio;Antonella Luzia Carolina;Fabio Fernando Viana;joaquim_marcio_viana@demasi.com.br;wtT0Mx3dJw;61930-285;Rua Novo Amanhecer;389;Cidade Nova;Maracanau;CE;(85) 3558-4694;(85) 99327-8236;2;69;A+;azul
Joaquim Theo da Rocha;34;494.695.253-53;43.315.439-1;08/09/1990;Masculino;Virgem;Stella Antonia Sueli;Ryan Manoel da Rocha;joaquim.theo.darocha@com.br;E8aA4GenKy;74884-580;Rua Lelia;604;Residencial Alphaville Flamboyant;Goiania;GO;(62) 2714-3856;(62) 98469-2818;1,64;58;A-;preto
Jorge Edson Luis Castro;46;511.351.867-07;11.109.842-7;23/06/1978;Masculino;Cancer;Olivia Sandra;Caio Bryan Luiz Castro;jorge_edson_castro@iss.com.br;nA15WBimMM;71570-817;Quadra Quadra 8 Conjunto Q;328;Paranoa;Brasilia;DF;(61) 2811-2361;(61) 99845-3974;1,81;61;B-;preto
Jorge Nelson Rocha;41;320.584.906-06;20.412.260-0;06/05/1983;Masculino;Touro;Valentina Sophie Isabelly;Miguel Eduardo Rocha;jorge-rocha82@sp.gov.br;jyg1ZyTahU;69038-073;Beco Final 10;291;Lirio do Vale;Manaus;AM;(92) 3534-4980;(92) 98823-9405;1,6;86;A-;roxo
Josefa Hadassa Elaine Barros;45;525.217.260-95;27.518.895-4;06/07/1979;Feminino;Cancer;Emanuelly Sarah;Francisco Juan Sebastiao Barros;josefahadassabarros@sobraer.com.br;jW2nCk7nFA;69312-282;Rua Lindolfo Bernardo Coutinho;636;Asa Branca;Boa Vista;RR;(95) 2870-1797;(95) 99237-5366;1,55;57;A-;laranja
Josefa Regina Hadassa Corte Real;41;024.857.333-09;12.882.372-0;23/02/1983;Feminino;Peixes;Emily Andrea;Samuel Lorenzo Lorenzo Corte Real;josefareginacortereal@reconciliare.com.br;aOq7SYKQe5;88911-406;Rua Existente 04;169;Morro dos Conventos;Ararangua;SC;(48) 2874-5464;(48) 98388-3430;1,64;49;O-;vermelho
Julia Emanuelly Santos;38;738.499.663-56;28.155.972-7;24/08/1986;Feminino;Virgem;Sandra Lais Sueli;Jorge Kevin Calebe Santos;julia_santos@jcffactoring.com.br;RKc3tlKhUr;69043-810;Rua Cailda Mello;736;Alvorada;Manaus;AM;(92) 3593-8536;(92) 98246-4904;1,56;58;B-;amarelo
Julia Luciana Sabrina Peixoto;62;787.207.690-08;38.485.800-4;14/01/1962;Feminino;Capricornio;Silvana Regina;Kaique Bento Peixoto;julia-peixoto82@andrediaz.com;jCKQ4kbXN7;59143-080;Rua Aproniano Sa;149;Vale do Sol;Parnamirim;RN;(84) 3871-6486;(84) 98173-9019;1,67;49;AB-;laranja
Juliana Adriana dos Santos;76;867.153.801-04;42.243.802-9;09/02/1948;Feminino;Aquario;Jennifer Isis;Caua Heitor Isaac dos Santos;julianaadrianadossantos@laramjeirabaumann.com.br;EJi4fXdaGA;59035-110;Rua Ipanema;783;Quintas;Natal;RN;(84) 2781-1690;(84) 99721-7060;1,84;70;A-;amarelo
Juliana Rafaela Vieira;66;164.187.540-26;25.337.757-2;14/09/1958;Feminino;Virgem;Catarina Allana Rosa;Oliver Joao Vieira;juliana_vieira@goldfinger.com.br;knQOZ4388C;60180-651;Rua Vinte e Dois de Abril;153;Cais do Porto;Fortaleza;CE;(85) 2741-8132;(85) 99808-3820;1,84;84;A-;azul
Julio Alexandre Dias;36;598.085.007-49;29.684.907-8;02/02/1988;Masculino;Aquario;Mariah Priscila Amanda;Vinicius Geraldo Dias;julio-dias70@kantoferramentaria.com.br;luZaM2YU0h;29306-785;Rua Juvenal Vailant;112;Nossa Senhora Aparecida;Cachoeiro de Itapemirim;ES;(28) 3661-9161;(28) 99497-3532;1,84;95;O-;preto
Julio Eduardo Andre Freitas;43;377.893.170-91;32.586.385-4;01/10/1981;Masculino;Libra;Isabela Caroline Marina;Fabio Tiago Tomas Freitas;julio_eduardo_freitas@schon.com.br;nyujqrrrCx;25245-810;Estrada Rio Douro;417;Xerem;Duque de Caxias;RJ;(21) 2586-1603;(21) 99688-4035;1,72;109;B-;roxo
Julio Murilo Osvaldo Nogueira;67;995.331.800-05;15.964.168-8;15/07/1957;Masculino;Cancer;Sabrina Camila Livia;Thomas Diogo Cesar Nogueira;juliomurilonogueira@valeparaibano.com.br;qqOw1OW9S3;65047-495;Loteamento Passarada;774;Radional;Sao Luis;MA;(98) 2939-5042;(98) 99344-5759;1,88;96;AB+;preto
Kamilly Hadassa Mariah Freitas;24;832.807.541-51;14.640.033-1;20/04/2000;Feminino;aries;Fabiana Aurora Laura;Luan Fabio Freitas;kamilly.hadassa.freitas@ig.com;ijxLnn9KR2;64018-115;Favela Sao Pedro;760;Sao Pedro;Teresina;PI;(86) 2642-4205;(86) 98198-1341;1,77;80;A+;amarelo
Kaue Alexandre Breno Melo;18;998.195.734-83;22.204.249-7;13/01/2006;Masculino;Capricornio;Eduarda Sophia Hadassa;Martin Anthony Melo;kaue.alexandre.melo@grupoaerius.com.br;YcQFbsSDBs;45089-300;Rua Vinte;472;Distrito Industrial;Vitoria da Conquista;BA;(77) 3779-9751;(77) 99340-0653;1,96;68;B-;verde
Kevin Ricardo Thales Costa;68;972.661.080-04;12.792.735-9;17/06/1956;Masculino;Gemeos;Larissa Liz;Francisco Raimundo Costa;kevin.ricardo.costa@officetectecnologia.com.br;m0tjHmlwE1;71010-340;Quadra QE 12 Bloco D;552;Guara I;Brasilia;DF;(61) 3888-3435;(61) 98974-1627;1,7;96;A+;vermelho
Larissa Aline da Rosa;47;298.460.418-02;21.184.239-4;06/10/1977;Feminino;Libra;Claudia Malu Isabelly;Matheus Benjamin Elias da Rosa;larissaalinedarosa@publifix.com.br;wajHubUdst;69075-400;Rua Flamengo;631;Mauazinho;Manaus;AM;(92) 3890-4847;(92) 98785-1304;1,69;64;B+;vermelho
Lavinia Alice Maite Ribeiro;65;107.462.966-30;10.803.969-9;03/05/1959;Feminino;Touro;Clarice Daiane Helena;Rafael Tiago Ribeiro;lavinia-ribeiro92@comercialrafael.com.br;p8w8UBcMOQ;25916-005;Praca Jose Goncalves Castro;328;Capela (Rio do Ouro);Mage;RJ;(21) 3766-3086;(21) 99530-1163;1,76;75;B-;vermelho
Leandro Murilo Porto;70;618.030.260-06;28.121.778-6;23/01/1954;Masculino;Aquario;Rosangela Aline;Rodrigo Leonardo Roberto Porto;leandro-porto98@lumavale.com.br;rb2Suq9tnE;21820-407;Rua Nova;607;Bangu;Rio de Janeiro;RJ;(21) 2754-6205;(21) 99998-7602;1,96;84;O-;verde
Leonardo Enrico Arthur Ferreira;48;656.098.962-31;43.243.820-8;12/08/1976;Masculino;Leao;Stella Sandra;Ruan Joaquim Manuel Ferreira;leonardo-ferreira87@fluxioneventos.com.br;thQGE2mXaR;58108-077;Rua Canuto;868;Renascer;Cabedelo;PB;(83) 2545-2122;(83) 98153-9049;1,67;61;B-;azul
Leonardo Ian Marcos Vinicius Pires;75;642.463.696-08;31.634.534-9;05/07/1949;Masculino;Cancer;Josefa Aline;Miguel Kaique Pires;leonardo_ian_pires@andritz.com;KOiQhtycXn;78088-455;Rua Quatrocentos e Dezesseis;860;Tijucal;Cuiaba;MT;(65) 2760-0042;(65) 98415-2192;1,63;100;B+;roxo
Leonardo Victor Raimundo Porto;66;119.871.299-62;16.120.683-9;12/05/1958;Masculino;Touro;Simone Marcela Rita;Edson Ryan Sergio Porto;leonardovictorporto@marramoncks.com.br;QjZEGM42Tz;57305-304;Rua Manoel Caetano de Farias;286;Manoel Teles;Arapiraca;AL;(82) 2785-5514;(82) 99516-4289;1,82;100;B+;laranja
Levi Caleb Nathan Pinto;71;077.943.976-77;46.934.719-3;21/05/1953;Masculino;Gemeos;Liz Carolina;Mateus Sergio Pinto;levi.caleb.pinto@lbrazil.com.br;ahYj1bfPBE;75083-365;Rua Brasil;501;Vila Santa Isabel;Anapolis;GO;(62) 2610-8193;(62) 99986-5391;1,97;54;AB-;laranja
Liz Aline da Conceicao;42;576.799.993-76;43.545.331-2;06/08/1982;Feminino;Leao;Leticia Olivia Alana;Anderson Yago Thales da Conceicao;liz_daconceicao@santosferreira.adv.br;6n01Yb2TCf;69915-852;Rua Projetada 980;527;Portal da Amazonia;Rio Branco;AC;(68) 3683-7336;(68) 99717-6348;1,52;68;B+;preto
Liz Lavinia Gabrielly Almada;47;173.046.364-91;33.113.761-6;10/08/1977;Feminino;Leao;Rayssa Ayla;Raul Jose Bernardo Almada;liz.lavinia.almada@cenia.com.br;HCS98AK9zg;35050-400;Rua G;855;Park da Fraternidade;Governador Valadares;MG;(33) 3646-0249;(33) 99417-0517;1,78;85;O+;vermelho
Lorena Tatiane Lorena Assis;42;328.655.994-69;41.192.660-3;20/04/1982;Feminino;aries;Bruna Renata Camila;Bernardo Pietro Rafael Assis;lorena-assis79@fk1.com.br;UWsalHi01W;66643-460;Passagem Primeiro de Maio;310;Sao Clemente;Belem;PA;(91) 2663-1094;(91) 99957-8338;1,52;77;AB-;amarelo
Louise Alice Mariana Fogaca;23;438.900.213-95;33.100.810-5;04/07/2001;Feminino;Cancer;Antonia Emilly;Fabio Vicente Fogaca;louise-fogaca99@carlosalbertoleite.com.br;kpcGBQCuUE;58407-425;Rua Dom Bosco;343;Jose Pinheiro;Campina Grande;PB;(83) 2579-3709;(83) 99320-2758;1,66;77;A+;roxo
Louise Aparecida Patricia da Costa;55;126.691.526-51;43.222.233-9;26/01/1969;Feminino;Aquario;Lorena Caroline;Guilherme Felipe Raimundo da Costa;louise.aparecida.dacosta@sunrise.com.br;9zt53Drafs;91785-330;Avenida do Lami;387;Lageado;Porto Alegre;RS;(51) 2729-6235;(51) 99176-3606;1,83;48;AB+;vermelho
Louise Eliane Carolina Pereira;50;755.199.723-70;39.416.227-4;15/05/1974;Feminino;Touro;Malu Alessandra Giovanna;Antonio Otavio Henrique Pereira;louise.eliane.pereira@cebrace.com.br;QxDx4iMfyI;69317-522;Rua Marte;179;Cidade Satelite;Boa Vista;RR;(95) 3555-0097;(95) 98526-5285;1,74;70;A-;amarelo
Louise Emily Simone Ribeiro;20;749.788.235-01;30.191.769-3;01/06/2004;Feminino;Gemeos;Helena Caroline;Filipe Joaquim Luiz Ribeiro;louise.emily.ribeiro@mtic.net.br;mSoC1qbljc;77023-585;Quadra 1006 Sul Alameda 14;350;Plano Diretor Sul;Palmas;TO;(63) 2503-1541;(63) 98667-0399;1,77;69;AB-;laranja
Louise Manuela Araujo;47;632.124.206-34;35.564.260-8;08/10/1977;Feminino;Libra;Patricia Camila Helena;Yuri Ruan Igor Araujo;louise.manuela.araujo@pozzer.net;S8Srag3gQY;76873-818;Avenida Machadinho;754;Setor 11;Ariquemes;RO;(69) 3872-5696;(69) 99274-9692;1,5;84;A-;preto
Luan Luan Teixeira;44;581.262.865-39;23.391.849-8;24/05/1980;Masculino;Gemeos;Sophie Aline Cecilia;Raul Jose Teixeira;luan.luan.teixeira@yahoo.com;8KK0BMuywZ;79037-884;Estrada EW 15;965;Chacara dos Poderes;Campo Grande;MS;(67) 2828-2476;(67) 98728-7835;1,8;102;A+;laranja
Lucca Caio Jesus;35;074.897.548-95;30.383.685-4;22/08/1989;Masculino;Leao;Catarina Fabiana;Joao Arthur Vicente Jesus;lucca.caio.jesus@saa.com.br;1I4A4LkDWA;69911-776;Rua 20 de Novembro;429;Boa Uniao;Rio Branco;AC;(68) 2695-7188;(68) 99474-6237;1,61;54;B-;roxo
Lucca Joao Bruno da Mata;59;005.868.422-09;25.519.315-4;06/08/1965;Masculino;Leao;Allana Rayssa;Igor Kevin da Mata;lucca.joao.damata@prudential.com;Xdnb0rst1c;68513-821;Rua Maranhao;922;Sao Felix III;Maraba;PA;(94) 3808-5957;(94) 99926-0694;1,81;99;B-;azul
Lucca Juan Aparicio;68;680.321.473-73;41.243.603-6;07/10/1956;Masculino;Libra;Andreia Marcela Fabiana;Henrique Otavio Caleb Aparicio;lucca_juan_aparicio@hotmmail.com;NIflmKocOS;90250-780;Rua Monsenhor Arthur Wickert;348;Farrapos;Porto Alegre;RS;(51) 3722-9493;(51) 99664-4861;1,83;108;AB+;verde
Lucca Sebastiao Roberto Lima;36;806.065.949-90;50.778.672-5;07/08/1988;Masculino;Leao;Patricia Lucia;Benedito Gustavo Gustavo Lima;lucca-lima80@hotmmail.com;5L4W00xpNk;64213-246;Quadra C4;536;Primavera;Parnaiba;PI;(86) 2613-3940;(86) 99794-9775;1,9;68;B-;amarelo
Lucia Giovana Luzia Freitas;24;483.821.139-23;11.715.639-5;02/03/2000;Feminino;Peixes;Milena Allana;Nelson Cesar Freitas;lucia-freitas82@unipsicotaubate.com.br;w4gqL7lrZR;76901-022;Rua Goncalves Dias;770;Jardim Presidencial;Ji-Parana;RO;(69) 2715-5162;(69) 98651-7435;1,76;64;AB+;vermelho
Lucia Mariah Valentina Alves;35;188.994.877-23;14.741.950-5;05/04/1989;Feminino;aries;Luzia Bruna Emanuelly;Caio Miguel Alves;lucia_mariah_alves@reginfo.com.br;tgUGU1E7iW;69307-337;Rua Arieira;417;Paraviana;Boa Vista;RR;(95) 3553-5075;(95) 98292-3902;1,82;90;B+;vermelho
Luciana Sophie Gabrielly Carvalho;30;377.695.797-24;26.528.951-8;19/01/1994;Feminino;Capricornio;Francisca Eliane Marli;Joaquim Renato Pedro Carvalho;luciana_carvalho@hitmail.com;f74kr0yiAZ;69919-009;Rua Tutoia do Maranhao;586;Loteamento Isaura Parente;Rio Branco;AC;(68) 2828-8448;(68) 99841-8191;1,79;84;A+;vermelho
Luis Andre Benedito da Mata;26;277.197.294-80;28.725.991-2;06/01/1998;Masculino;Capricornio;Isabel Sophia Alice;Luis Felipe Nelson da Mata;luisandredamata@muricy.com;p1KRgpE7gl;70236-400;Quadra EQS 402/403;597;Asa Sul;Brasilia;DF;(61) 3604-8586;(61) 99765-3805;1,86;80;A-;roxo
Luis Rafael Jesus;55;206.630.422-08;27.705.306-7;14/05/1969;Masculino;Touro;Betina Kamilly;Emanuel Yuri Calebe Jesus;luis-jesus71@cosma.com;j0KJe8HLMy;78095-608;Rua Quarenta e Quatro;979;Real Parque;Cuiaba;MT;(65) 2915-1981;(65) 99886-4216;1,95;106;A+;preto
Luis Samuel Severino Corte Real;73;544.540.374-26;11.280.509-7;21/02/1951;Masculino;Peixes;Sophia Mariane Esther;Giovanni Gustavo Corte Real;luis_cortereal@w3ag.com;unK1dpZSFa;33860-330;Rua Doutor Marcio Felix de Freitas;539;Santa Martinha;Ribeirao das Neves;MG;(31) 3969-8251;(31) 98325-4891;1,87;86;A+;azul
Luna Benedita Gomes;64;070.642.617-74;22.005.757-6;27/02/1960;Feminino;Peixes;Mariana Julia;Tiago Kaue Erick Gomes;luna_benedita_gomes@girocenter.com.br;a1jgcTaAGg;68911-155;Passagem Dona Marcia;563;Fazendinha;Macapa;AP;(96) 2508-7236;(96) 98771-0388;1,61;80;AB-;verde
Malu Fabiana Sophie Pires;64;997.153.800-85;40.409.162-3;11/05/1960;Feminino;Touro;Mariana Aparecida Mariana;Benedito Renato Isaac Pires;malufabianapires@multmed.com.br;x99obIyDlb;58040-670;Rua Cardeal Jaime Camara;658;Expedicionarios;Joao Pessoa;PB;(83) 2600-5275;(83) 98352-1468;1,53;52;A-;laranja
Manuel Elias Almada;43;376.604.102-96;29.369.548-9;14/09/1981;Masculino;Virgem;Heloisa Beatriz;Severino Joaquim Victor Almada;manuel_elias_almada@econe.com.br;adMtuPmWgp;88805-055;Rua Deoclesio Pereira Maciel;988;Pinheirinho;Criciuma;SC;(48) 2846-0891;(48) 98311-6844;1,75;88;A+;vermelho
Manuel Leandro Breno Porto;26;196.972.173-19;31.327.645-6;04/05/1998;Masculino;Touro;Rayssa Elisa;Antonio Hugo Lucca Porto;manuel-porto70@rodrigofranco.com;7ywM6KYN1b;58326-970;Rua Salomao Veloso 51;296;Centro;Caapora;PB;(83) 3529-3549;(83) 99578-3745;1,89;84;AB+;preto
Manuel Mario Roberto Galvao;27;347.434.958-90;33.128.476-5;14/03/1997;Masculino;Peixes;Rosangela Gabrielly;Joao Thales Galvao;manuelmariogalvao@aprimor.com;bClsjcJyiz;65085-270;Travessa Doutor Salomao;387;Anjo da Guarda;Sao Luis;MA;(98) 3984-0364;(98) 98474-0747;1,74;102;A+;vermelho
Manuel Nathan Ryan Moreira;39;617.843.194-57;20.938.457-8;27/02/1985;Masculino;Peixes;Elisa Aurora;Jose Thiago Moreira;manuel.nathan.moreira@marsans.com.br;joxLSpDZCB;79070-534;Rua Parauna;514;Porto Galo;Campo Grande;MS;(67) 2694-9403;(67) 98173-4953;1,78;87;B-;azul
Manuel Raimundo Barros;28;400.636.129-76;21.893.925-5;14/02/1996;Masculino;Aquario;Tania Alicia;Geraldo Jose Barros;manuel.raimundo.barros@tirantea.com.br;O0b650TOt2;69098-058;Rua Margareth Mee;918;Novo Aleixo;Manaus;AM;(92) 2779-4524;(92) 99587-5610;1,79;96;B+;azul
Manuela Emily da Cunha;59;731.371.291-09;47.689.869-9;27/06/1965;Feminino;Cancer;Aline Claudia Fatima;Claudio Henrique Diogo da Cunha;manuela_dacunha@carolpessoa.com.br;LiJRGuzU18;72915-558;Quadra QA 27;105;Mansoes Olinda;aguas Lindas de Goias;GO;(61) 3631-3446;(61) 99510-0504;1,66;64;O-;verde
Marcela Emily de Paula;30;330.531.820-17;29.999.517-3;01/09/1994;Feminino;Virgem;Emily Larissa;Manuel Caua de Paula;marcelaemilydepaula@br.loreal.com;kws7fPMr0J;66117-005;Rodovia Artur Bernardes;862;Barreiro;Belem;PA;(91) 3739-2548;(91) 98324-2182;1,56;89;A+;preto
Marcela Heloisa Moreira;33;827.102.118-40;24.887.443-3;06/06/1991;Feminino;Gemeos;Beatriz Andreia;Carlos Eduardo Mateus Moreira;marcela_moreira@india.com;f4bnrmRZh1;69068-740;Rua Danilo Correa;102;Raiz;Manaus;AM;(92) 3793-8834;(92) 98962-8361;1,6;86;AB+;vermelho
Marcelo Antonio Victor Almada;25;795.851.468-94;12.357.561-8;16/08/1999;Masculino;Leao;Sophia Marcia Julia;Diego Raul Almada;marcelo_antonio_almada@zepto.com.br;zw2h7XRT9A;68909-512;Rua Santo Antonio;412;Bone Azul;Macapa;AP;(96) 3751-2193;(96) 99959-2643;1,61;65;O-;amarelo
Marcelo Caleb Gomes;31;417.549.688-21;31.646.130-1;02/03/1993;Masculino;Peixes;Aparecida Simone;Isaac Caleb Gomes;marcelo-gomes84@startingfitness.com.br;ZJC2dQutgo;69314-122;Rua Pescada;279;Santa Tereza;Boa Vista;RR;(95) 3762-1524;(95) 98204-6046;1,69;109;A-;azul
Marcelo Gabriel Osvaldo Aragao;38;557.853.448-15;12.317.026-6;19/08/1986;Masculino;Leao;Stella Giovana;Ricardo Tiago Aragao;marcelogabrielaragao@gmai.com;zUmm08Nq6c;40420-060;Rua Vinte e Cinco de Dezembro da Ribeira;719;Ribeira;Salvador;BA;(71) 2744-2813;(71) 99591-8647;1,75;52;O-;vermelho
Marcelo Hugo da Costa;35;820.109.757-23;24.482.432-0;10/03/1989;Masculino;Peixes;Sara Mirella Yasmin;Davi Felipe da Costa;marcelo_hugo_dacosta@cmfcequipamentos.com.br;SpCFOIT3Xw;41195-495;Travessa Sao Lucas;252;Barreiras;Salvador;BA;(71) 2854-7101;(71) 98701-0234;1,76;90;A+;laranja
Marcia Alana Moraes;28;199.421.743-03;45.724.747-2;04/10/1996;Feminino;Libra;Mariana Mirella;Ryan Luan Geraldo Moraes;marcia_moraes@mktec.com.br;LMIYKaCzuo;69317-364;Avenida Jesualdo Costa Lima;628;Equatorial;Boa Vista;RR;(95) 2634-3720;(95) 99712-2145;1,68;60;B-;vermelho
Marcia Leticia Pereira;31;193.467.911-95;14.427.385-8;18/08/1993;Feminino;Leao;Lais Josefa Nina;Augusto Francisco Sergio Pereira;marcia_pereira@slb.com;3pfenQiwHb;91740-000;Avenida da Cavalhada;982;Cavalhada;Porto Alegre;RS;(51) 2650-8518;(51) 99711-8385;1,53;67;O-;vermelho
Marcos Kevin Fabio Nascimento;54;816.037.082-27;33.843.289-9;02/10/1970;Masculino;Libra;Carolina Manuela Lorena;Cesar Nathan Emanuel Nascimento;marcos_kevin_nascimento@ladder.com.br;n9YwbhyoHC;79840-410;Rua Docelina Mattos Freitas;445;Parque Nova Dourados;Dourados;MS;(67) 2963-4271;(67) 99181-7093;1,89;50;AB-;verde
Marcos Vinicius Carlos Peixoto;39;413.889.808-51;23.261.886-0;15/06/1985;Masculino;Gemeos;Antonia Elisa Alessandra;Murilo Ricardo Peixoto;marcos.vinicius.peixoto@edwardmaluf.com.br;5hNNUg6Hkm;79044-721;Rua Barra do Guarita;849;Parque Atlantico;Campo Grande;MS;(67) 3747-6332;(67) 98982-5290;1,82;53;B-;azul
Marcos Vinicius Raul Thomas Aparicio;30;433.384.020-15;47.665.381-2;10/04/1994;Masculino;aries;Nair Kamilly;Nicolas Marcos Vinicius Aparicio;marcos_aparicio@mesquita.not.br;ax4IFmlzXt;65070-035;Condominio Colina das Palmeiras;435;Recanto dos Vinhais;Sao Luis;MA;(98) 3921-6926;(98) 99236-8003;1,73;99;AB-;vermelho
Maria Alana da Costa;77;144.352.408-58;46.737.808-3;06/05/1947;Feminino;Touro;Andrea Rita;Bento Giovanni da Costa;maria.alana.dacosta@ahlstrom.com;AJpQOrpKds;69317-480;Alameda Antares;386;Cidade Satelite;Boa Vista;RR;(95) 2843-8155;(95) 99558-3188;1,59;57;A-;verde
Mariah Isis Liz Carvalho;41;656.336.886-78;24.087.959-4;19/01/1983;Feminino;Capricornio;Jaqueline Carolina;Jorge Murilo Carvalho;mariah_isis_carvalho@guiamaritimo.com.br;WlwGfRAjLp;76967-654;Rua Santo Amaro;429;Industrial;Cacoal;RO;(69) 2957-0648;(69) 99384-3909;1,66;52;B-;vermelho
Mariana Agatha Brenda Aragao;76;816.503.257-70;41.909.456-8;21/09/1948;Feminino;Virgem;Rosa Valentina Stefany;Carlos Kaique Yago Aragao;mariana.agatha.aragao@ggm.com.br;5juItWSSNh;16012-653;Rua Helio Cofacci;751;Conjunto Residencial Toyokazu Kawata;Aracatuba;SP;(18) 3760-6953;(18) 98622-6656;1,79;84;AB-;azul
Marina Milena Vitoria Ramos;57;930.705.791-59;42.847.126-2;22/08/1967;Feminino;Leao;Sarah Emily;Renan Enzo Ramos;marinamilenaramos@midiasim.com.br;yU9LFydAQw;69915-844;Rua Projetada 524;895;Portal da Amazonia;Rio Branco;AC;(68) 3610-3898;(68) 98804-2751;1,72;68;O+;preto
Marlene Marlene Carolina Campos;20;141.051.985-64;40.422.671-1;05/08/2004;Feminino;Leao;Camila Raimunda;Tomas Manoel Nathan Campos;marlene_campos@poligerma.com.br;Xcq3fx09hH;86082-099;Rua Antonio Carlos Ranea;485;Jardim Paris;Londrina;PR;(43) 3700-4676;(43) 98787-7891;1,8;64;AB-;vermelho
Marlene Raquel Esther Rocha;55;279.307.097-10;14.779.023-2;13/09/1969;Feminino;Virgem;Andrea Sueli;Felipe Osvaldo Rocha;marlene.raquel.rocha@r7.com;Kx0HWqgEMB;79045-130;Rua Pinheiro Machado;791;Jardim Noroeste;Campo Grande;MS;(67) 2945-8351;(67) 99582-9911;1,76;52;A+;laranja
Marli Jennifer Melo;53;380.074.234-94;47.088.256-6;05/09/1971;Feminino;Virgem;Isabella Vanessa Emanuelly;Kaue Noah Osvaldo Melo;marli.jennifer.melo@cteep.com.br;tNqbSGnZ0r;68927-069;Travessa Senador Teotonio Vilela;210;Remedios;Santana;AP;(96) 3871-0454;(96) 99360-8288;1,62;45;AB+;laranja
Marli Priscila Nicole Oliveira;68;105.679.785-16;42.091.942-9;05/08/1956;Feminino;Leao;Silvana Sandra;Anthony Bento Eduardo Oliveira;marlipriscilaoliveira@slb.com;t6nLiebPGF;69915-290;Rua Porto Acre;196;Conjunto Habitacional Vila Betel 2;Rio Branco;AC;(68) 2588-5769;(68) 98529-0959;1,74;60;B+;verde
Martin Arthur Castro;62;812.552.022-89;26.596.925-6;07/04/1962;Masculino;aries;Luciana Raquel Caroline;Bernardo Oliver Daniel Castro;martinarthurcastro@mcpsolucoesgraficas.com.br;E9tiQeo5Rq;78091-152;Rua Sao Joao;150;Santa Laura;Cuiaba;MT;(65) 2807-2363;(65) 99231-1412;1,72;79;AB+;azul
Mateus Caio Melo;36;811.287.678-99;50.953.751-0;03/10/1988;Masculino;Libra;Lucia Rayssa;Yago Gabriel Benicio Melo;mateus.caio.melo@prodam.am.gov.br;hy6hOeqIpy;49007-190;Recanto Santo Antonio;602;Zona de Expansao (Areia Branca);Aracaju;SE;(79) 3692-9407;(79) 98546-7905;1,66;102;A+;vermelho
Matheus Anthony Dias;67;117.572.148-44;14.946.399-6;01/01/1957;Masculino;Capricornio;Marina Fernanda;Henry Breno Dias;matheus-dias82@iq.unesp.br;nztA4pZt2Q;57063-231;Alameda C7;772;Santa Amelia;Maceio;AL;(82) 3796-7704;(82) 98365-4027;1,91;65;B-;vermelho
Miguel Bernardo Juan Monteiro;25;898.096.977-59;36.320.861-6;15/08/1999;Masculino;Leao;Mariane Daiane;Caue Francisco Raul Monteiro;miguel_bernardo_monteiro@onset.com.br;LmoTPA4WxZ;73751-436;Quadra Quadra 136;510;Setor Aeroporto (Barrolandia);Planaltina;GO;(61) 3654-7536;(61) 98792-6152;1,96;77;B-;vermelho
Miguel Tiago Lopes;70;887.876.292-08;14.349.803-4;14/05/1954;Masculino;Touro;Catarina Eloa Daiane;Arthur Fabio Lopes;miguel_tiago_lopes@aguabr.com.br;O4nZ3J0fcb;83608-322;Rua Francisco Mika;694;Vila Dom Pedro;Campo Largo;PR;(41) 2681-2680;(41) 98146-9780;1,69;84;B-;verde
Mirella Rosa Brenda Rodrigues;63;274.953.582-46;17.848.831-8;10/07/1961;Feminino;Cancer;Catarina Sonia Aline;Antonio Lucas Ian Rodrigues;mirella_rosa_rodrigues@hotmal.com;fH6zkMyuHz;07144-515;Rua Tom Jobim;335;Recreio Sao Jorge;Guarulhos;SP;(11) 2836-7976;(11) 99404-5659;1,73;59;B+;vermelho
Natalia Sarah Alves;35;450.526.789-08;14.038.046-2;09/07/1989;Feminino;Cancer;Antonia Sophia;Leandro Leonardo Nelson Alves;natalia.sarah.alves@grupoitamaraty.com.br;2DxkhromIo;69073-021;Beco do Cruzeiro;834;Betania;Manaus;AM;(92) 3682-8821;(92) 98301-2858;1,52;76;O+;amarelo
Nathan Carlos Eduardo Mateus da Cunha;79;945.072.410-57;49.757.809-8;08/01/1945;Masculino;Capricornio;Aurora Yasmin;Carlos Eduardo Rodrigo da Cunha;nathan_dacunha@temavonfeccaosjc.com.br;yk7yuEeBlQ;57086-266;Quadra N-1;798;Benedito Bentes;Maceio;AL;(82) 2998-1606;(82) 99429-6525;1,69;109;A+;amarelo
Nathan Guilherme Freitas;42;562.059.403-37;34.297.474-9;14/05/1982;Masculino;Touro;Jennifer Giovanna Maya;Leandro Carlos Freitas;nathanguilhermefreitas@santosferreira.abv.br;qNM3fW7fIa;66073-630;Passagem Novo Horizonte;101;Guama;Belem;PA;(91) 3776-2340;(91) 99755-6911;1,88;102;A+;vermelho
Nathan Oliver Igor Alves;78;934.449.286-70;20.693.876-7;25/01/1946;Masculino;Aquario;Sonia Andrea Luana;Pedro Renato Manoel Alves;nathan_alves@solpro.biz;Hl2lYR7dgf;76901-650;Rua Diamante Negro;982;Milao;Ji-Parana;RO;(69) 2893-3410;(69) 98904-5928;1,65;96;B-;azul
Nelson Antonio Goncalves;66;316.411.775-27;12.979.636-0;18/07/1958;Masculino;Cancer;Carla Ana Jessica;Roberto Kevin Goncalves;nelson-goncalves75@mcexecutiva.com.br;j1cXKr1AQa;93334-040;Rua Pau Brasil;290;Ideal;Novo Hamburgo;RS;(51) 2541-9792;(51) 98433-7130;1,88;72;O-;vermelho
Nelson Nathan Manuel Almeida;67;297.705.972-52;27.698.955-7;01/03/1957;Masculino;Peixes;Isabelly Jaqueline;Tomas Paulo Almeida;nelson-almeida84@aguabr.com.br;bQ2wAdkUKw;68907-140;Rua Platao;822;Renascer;Macapa;AP;(96) 2686-4368;(96) 99812-9178;1,8;60;AB-;amarelo
Nicolas Daniel Ferreira;47;373.949.048-90;14.117.731-7;07/04/1977;Masculino;aries;Emily Ayla Rebeca;Ruan Enrico Sebastiao Ferreira;nicolas-ferreira96@hardquality.com.br;Rm2Q0ZM76A;49061-112;Rua Vinte e Oito;683;Santo Antonio;Aracaju;SE;(79) 2781-8393;(79) 98460-6744;1,65;73;AB+;laranja
Nicolas Jose Rodrigues;58;616.286.296-81;17.389.545-1;24/03/1966;Masculino;aries;Rosa Marcela;Thomas Nicolas Rodrigues;nicolasjoserodrigues@ruilacos.com.br;Adgsas5GF2;69921-166;Rua Buriti;703;Conjunto Adalberto Sena;Rio Branco;AC;(68) 3710-5126;(68) 99427-0720;1,7;86;A-;roxo
Nicolas Levi Pedro Nunes;31;969.817.777-97;15.017.359-3;26/01/1993;Masculino;Aquario;Francisca Marlene Sebastiana;Leonardo Tomas Nunes;nicolas_levi_nunes@sicredi.com.br;u6XOQqINTR;88090-593;Travessa Sao Benedito;106;Monte Cristo;Florianopolis;SC;(48) 2746-2887;(48) 98238-1718;1,81;99;A-;vermelho
Nicole Josefa Gabrielly da Silva;59;920.251.642-11;49.901.377-3;19/04/1965;Feminino;aries;Sonia Sophia Isis;Davi Roberto da Silva;nicole_dasilva@grupoaguaviva.com.br;24FagAfeO2;21921-100;Rua Almirante Pestana;347;Cacuia;Rio de Janeiro;RJ;(21) 2730-7996;(21) 98479-2854;1,61;53;O+;vermelho
Nina Natalia Maya Gomes;71;863.050.550-84;15.899.684-7;27/07/1953;Feminino;Leao;Alicia Ayla;Marcos Felipe Gomes;nina_gomes@galvao.com;OJ3IrXjf1l;49072-573;Rua A;261;Dezoito do Forte;Aracaju;SE;(79) 3864-4347;(79) 98591-2658;1,65;53;AB+;roxo
Noah Edson Souza;78;341.550.376-37;32.838.010-6;05/03/1946;Masculino;Peixes;Olivia Simone Bruna;Benedito Lucca Bento Souza;noah_souza@somma.net.br;m6yCBJYfwB;69912-032;Travessa Liberdade;799;Sobral;Rio Branco;AC;(68) 2586-7369;(68) 99318-2336;1,81;102;O-;vermelho
Noah Julio Enzo Brito;60;373.588.727-97;43.367.785-5;13/06/1964;Masculino;Gemeos;Louise Cristiane;Otavio Benedito Brito;noah-brito93@seal.com.br;BK3e0T3Bsq;35900-195;Rua Sebastiao Calixto da Mata;911;Vila Sao Geraldo;Itabira;MG;(31) 3847-7241;(31) 98617-5996;1,87;110;O+;roxo
Noah Nicolas Thiago Moura;18;617.439.060-80;34.173.765-3;27/06/2006;Masculino;Cancer;Olivia Marli Natalia;Mario Alexandre Moura;noah_nicolas_moura@ferplast.com.br;xM47iqaCyS;65065-740;Rua Sete;924;Solar dos Lusitanos;Sao Luis;MA;(98) 3823-9389;(98) 99802-4240;1,79;101;B+;amarelo
Noah Paulo Otavio da Cruz;78;502.703.873-90;32.618.767-4;06/03/1946;Masculino;Peixes;Tatiane Ayla;Pietro Vitor Luis da Cruz;noahpaulodacruz@emayl.com;P2ZHX18djn;64008-130;Rua Sao Jose;715;Alto Alegre;Teresina;PI;(86) 2628-2891;(86) 98874-1010;1,67;91;B-;verde
Oliver Matheus Gomes;59;936.770.645-62;36.307.329-2;21/08/1965;Masculino;Leao;Ayla Sonia Tania;Francisco Eduardo Gomes;oliver_matheus_gomes@grupoaguaviva.com.br;tB0nHQlj0g;69058-385;Rua Guaranta;703;Flores;Manaus;AM;(92) 2889-7837;(92) 99239-3019;1,81;105;B-;vermelho
Oliver Otavio da Cunha;30;864.280.658-35;15.173.703-4;06/05/1994;Masculino;Touro;Vera Livia Priscila;Emanuel Isaac da Cunha;oliver.otavio.dacunha@casabellavidros.com.br;XqWnnZLGLf;49043-835;Rua Jequitiba;595;Santa Maria;Aracaju;SE;(79) 3789-3808;(79) 99325-3307;1,78;70;AB-;vermelho
Olivia Adriana Liz Barros;28;400.341.703-83;14.372.044-2;01/09/1996;Feminino;Virgem;Teresinha Alana Cecilia;Edson Joaquim Barros;oliviaadrianabarros@gmx.ca;O0UWS5MWf4;57075-550;Rua Mauricio de Melo e Motta;629;Santos Dumont;Maceio;AL;(82) 3878-3020;(82) 98788-9319;1,76;79;A+;amarelo
Otavio Caue Cardoso;25;779.688.806-61;32.806.892-5;18/09/1999;Masculino;Virgem;Carla Melissa Isabella;Heitor Caio Bento Cardoso;otavio-cardoso75@defensoria.sp.gov.br;ru6PHAtfT4;83829-316;Rua Santa Brigida;588;Santa Terezinha;Fazenda Rio Grande;PR;(41) 3972-3384;(41) 99880-7534;1,64;52;O+;vermelho
Otavio Victor Pedro Cavalcanti;31;935.839.188-00;22.602.091-5;25/07/1993;Masculino;Leao;Livia Carolina Mirella;Pedro Pedro Henrique Igor Cavalcanti;otavio-cavalcanti95@yahho.com.br;rLCRufegZb;49092-642;Rua Dezesseis;924;Olaria;Aracaju;SE;(79) 3972-9606;(79) 98977-7066;1,76;87;A+;amarelo
Pedro Noah Corte Real;18;437.811.892-01;38.691.853-3;05/10/2006;Masculino;Libra;Rosa Elaine;Ricardo Pietro Francisco Corte Real;pedro.noah.cortereal@madhause.com.br;Pb2WpfgA3f;54737-365;Alameda das Vitorias Regias;831;Tiuma;Sao Lourenco da Mata;PE;(81) 2704-4993;(81) 98351-7305;1,76;51;A-;azul
Pedro Ricardo Kaue Lima;58;703.898.157-99;22.360.603-0;10/06/1966;Masculino;Gemeos;Louise Isadora Alessandra;Mario Benjamin Severino Lima;pedro.ricardo.lima@andrade.com;CZuqS9hdUi;57041-242;Travessa Primeiro de Marco;129;Jacintinho;Maceio;AL;(82) 2812-6307;(82) 99656-5803;1,76;93;B+;vermelho
Pietro Bruno Silveira;64;115.231.053-48;42.729.634-1;07/04/1960;Masculino;aries;Isabelly Emanuelly;Enrico Bryan Silveira;pietro_silveira@ligananet.com.br;al3wzs1X4s;05054-080;Rua Eusebio de Paiva;521;Vila Ipojuca;Sao Paulo;SP;(11) 3598-7897;(11) 98345-8982;2;82;AB-;verde
Priscila Gabrielly Emanuelly Aparicio;67;666.965.623-89;48.273.738-4;19/08/1957;Feminino;Leao;Luciana Mariah;Levi Joao Filipe Aparicio;priscila-aparicio76@tortasecreta.com;JDF2EC7AR9;39400-617;Praca Coronel Elpidio da Rocha;784;Vila Brasilia;Montes Claros;MG;(38) 3672-7029;(38) 98957-9076;1,6;63;B-;verde
Priscila Marli Freitas;64;911.364.471-80;30.460.766-6;04/06/1960;Feminino;Gemeos;Carolina Aline;Jorge Thiago Freitas;priscila_marli_freitas@tursi.com.br;CB3DZen7kQ;58500-976;Vila Jabitaca, s/n;126;Centro;Monteiro;PB;(83) 3955-7967;(83) 98611-6807;1,75;59;B+;amarelo
Priscila Vera Josefa Lopes;19;990.858.617-30;28.031.592-2;23/03/2005;Feminino;aries;Giovanna Aparecida;Isaac Marcos Lopes;priscila_lopes@portoweb.com.br;zqiGCxUKME;58100-452;Rua Coronel Aureliano;327;Santa Catarina;Cabedelo;PB;(83) 2784-8279;(83) 99997-5205;1,66;68;B-;vermelho
Rafael Henrique Henry da Cruz;41;476.504.437-87;34.121.564-8;26/05/1983;Masculino;Gemeos;Vanessa Barbara;Roberto Victor da Cruz;rafael.henrique.dacruz@amoreencantos.com;kqgG2UGdJa;49020-180;Rua Cristovao de Barros;566;Treze de Julho;Aracaju;SE;(79) 2577-0773;(79) 98266-6813;1,62;60;A+;vermelho
Raimundo Enzo Caleb dos Santos;24;912.665.615-95;15.952.307-2;16/06/2000;Masculino;Gemeos;Liz Regina;Heitor Luis dos Santos;raimundo-dossantos86@desir.com.br;lfXH3fk8tU;69059-149;Rua Sao Pedro;264;Santa Etelvina;Manaus;AM;(92) 3953-2199;(92) 98142-6152;1,68;99;B+;preto
Raimundo Kaique Caue Gomes;79;542.417.830-82;19.589.825-4;06/10/1945;Masculino;Libra;Luiza Daniela;Gael Juan Igor Gomes;raimundo_kaique_gomes@naressi.com.br;0Rlfb7R4w2;89041-098;Rua Poeta Mario Quintana;961;agua Verde;Blumenau;SC;(47) 3523-0193;(47) 98414-6236;1,6;61;A+;azul
Raimundo Leandro Viana;75;883.308.167-29;14.268.036-9;06/01/1949;Masculino;Capricornio;Alessandra Maite;Roberto Renato Viana;raimundo_viana@gamil.com;PU5z1ZZtpt;12940-184;Rua Francisco Pires Camargo;266;Jardim Brasil;Atibaia;SP;(11) 2753-5157;(11) 99596-8272;1,96;79;AB+;vermelho
Raquel Daiane Benedita Baptista;67;347.241.513-40;10.760.616-1;03/09/1957;Feminino;Virgem;Emily Heloise Liz;Caio Pietro Fernando Baptista;raquel_daiane_baptista@ecotransambiental.com.br;soHPyfqNAM;65043-310;Rua Santa Amelia;985;Sacavem;Sao Luis;MA;(98) 2882-9862;(98) 99892-7303;1,65;75;A+;preto
Rebeca Caroline Silveira;37;623.787.412-78;30.764.128-4;19/09/1987;Feminino;Virgem;Aparecida Pietra;Ricardo Joaquim Silveira;rebeca_silveira@gruposantin.com.br;DZThO8Br1X;58400-056;Rua indios Cariris;547;Centro;Campina Grande;PB;(83) 3702-7363;(83) 98216-1985;1,68;47;A+;vermelho
Regina Mirella Elisa Ribeiro;54;360.491.736-05;15.873.868-8;07/08/1970;Feminino;Leao;Barbara Emanuelly;Fernando Henry Roberto Ribeiro;regina.mirella.ribeiro@fileno.com.br;0pIDxC0xen;68928-274;Alameda das Pampolas;216;Fonte Nova;Santana;AP;(96) 2960-5915;(96) 99737-0854;1,53;62;B+;verde
Renan Breno Assis;68;393.506.742-97;26.031.261-7;13/09/1956;Masculino;Virgem;Isis Marcela;Antonio Mario Assis;renan-assis81@clinicasilhouette.com.br;aHepHhRzkl;40340-110;Avenida Serafim;135;Pero Vaz;Salvador;BA;(71) 2932-1159;(71) 98127-6789;1,95;80;B+;vermelho
Renata Heloisa Barbosa;46;239.871.537-09;33.316.916-5;02/06/1978;Feminino;Gemeos;Milena Natalia;Eduardo Luan Luiz Barbosa;renata_barbosa@sunrise.com.br;CKMZA3mED7;69048-200;Rua dos Palmares;453;Paz;Manaus;AM;(92) 3565-4382;(92) 98534-8416;1,78;66;B+;vermelho
Rita Livia Fernanda da Cruz;72;332.212.733-80;36.100.344-4;17/06/1952;Feminino;Gemeos;Daiane Eduarda;Roberto Manuel Giovanni da Cruz;rita_livia_dacruz@mastria.com.br;knYKXjPDgQ;69313-522;Avenida Mario Homem de Melo;930;Tancredo Neves;Boa Vista;RR;(95) 2932-1241;(95) 99915-4260;1,54;48;O+;vermelho
Roberto Bruno Luan Bernardes;58;159.136.759-08;37.821.215-1;05/06/1966;Masculino;Gemeos;Olivia Helena Marli;Tiago Igor Yago Bernardes;roberto-bernardes99@edbrasil.net;xuJbXi1i3O;96060-620;Passeio Quintino Bocaiuva;582;Tres Vendas;Pelotas;RS;(53) 2675-2662;(53) 99377-2713;1,97;67;A-;verde
Roberto Miguel Caue Vieira;65;760.668.371-92;32.055.980-4;17/09/1959;Masculino;Virgem;Tereza Raquel Sophia;Theo Marcio Vieira;roberto_miguel_vieira@vcp.com.br;MsmIYWzJcA;60341-275;Vila Rosimary;255;Jardim Iracema;Fortaleza;CE;(85) 3639-5018;(85) 98297-2764;1,83;70;O-;vermelho
Rodrigo Felipe Freitas;67;817.786.277-49;48.223.947-5;20/01/1957;Masculino;Capricornio;Cecilia Patricia Marina;Joao Vinicius Renan Freitas;rodrigo-freitas93@dep.ufscar.br;2kgMRoFRIN;69905-602;Travessa Natanael Albuquerque;671;Seis de Agosto;Rio Branco;AC;(68) 3904-5397;(68) 99445-5776;1,98;72;O+;vermelho
Rosangela Amanda Assis;80;398.063.356-00;14.051.796-0;26/05/1944;Feminino;Gemeos;Laura Luiza Isabelly;Raimundo Benjamin Enzo Assis;rosangela.amanda.assis@defensoria.sp.gov.br;BJRCZZKn1s;71593-627;Quadra 378 Conjunto H;964;Del Lago II (Itapoa);Brasilia;DF;(61) 3917-5489;(61) 99295-7999;1,81;73;B+;azul
Ruan Antonio Alves;77;732.207.023-25;19.604.152-1;05/10/1947;Masculino;Libra;Fernanda Antonella;Samuel Danilo Lucas Alves;ruan-alves71@elimco.com;egyhblpPdy;53515-220;Rua Rio do Oxigenio;388;Alto da Bela Vista;Abreu e Lima;PE;(81) 3638-9531;(81) 98698-2227;1,72;54;O+;roxo
Ryan Osvaldo da Luz;30;575.620.748-10;13.571.396-1;01/10/1994;Masculino;Libra;Mariah Jaqueline;Rafael Oliver da Luz;ryan_daluz@fertau.com.br;252q82hTBy;71715-016;Avenida Segunda Avenida Bloco 700;270;Nucleo Bandeirante;Brasilia;DF;(61) 2830-6558;(61) 98246-4951;1,67;74;AB-;preto
Ryan Severino Nicolas Cavalcanti;68;176.129.524-16;15.895.731-3;02/03/1956;Masculino;Peixes;Lara Cristiane;Joao Ian Cavalcanti;ryanseverinocavalcanti@jh2consulting.com;gndpAYDnhT;64601-385;Avenida Deputado Raimundo de Sa Urtiga;126;Bomba;Picos;PI;(89) 3621-1824;(89) 98727-8048;1,97;71;B-;roxo
Samuel Augusto Caua Silva;69;551.397.254-95;22.075.287-4;24/06/1955;Masculino;Cancer;Esther Daniela Patricia;Pedro Raimundo Anthony Silva;samuel_augusto_silva@ymail.com;c06Be16Mxy;44003-586;Rua Antonio Barros Moreira;128;Olhos D'agua;Feira de Santana;BA;(75) 2602-9833;(75) 98561-0746;1,96;68;AB-;amarelo
Samuel Levi Nascimento;49;534.531.986-38;19.434.840-4;17/08/1975;Masculino;Leao;Leticia Melissa Jaqueline;Nelson Arthur Thiago Nascimento;samuel-nascimento82@nacirembalagens.com.br;0rY66JWap1;57080-127;6ª Travessa Anadia;834;Canaa;Maceio;AL;(82) 3632-8651;(82) 98885-5785;1,83;73;O+;laranja
Sandra Luzia Oliveira;78;146.390.522-00;39.135.800-5;12/07/1946;Feminino;Cancer;Lavinia Isabelle Isabela;Felipe Luis Oliveira;sandra-oliveira76@citadini.imb.br;2FEqp6DTQl;74356-690;Rua RC 11;337;Residencial Real Conquista;Goiania;GO;(62) 3897-8071;(62) 99610-6854;1,59;80;A+;preto
Sara Rosangela Nunes;33;164.312.137-50;17.648.385-8;14/06/1991;Feminino;Gemeos;Nicole Esther Analu;Nathan Luan Julio Nunes;sara_nunes@keffin.com.br;soOP2yhfML;23095-830;Rua Clarindo de Freitas Torres;918;Campo Grande;Rio de Janeiro;RJ;(21) 3947-4534;(21) 99563-2752;1,85;70;AB+;azul
Sebastiana Andrea Viana;57;931.755.302-81;48.173.674-8;18/03/1967;Feminino;Peixes;Agatha Clara Julia;Caue Alexandre Murilo Viana;sebastiana_andrea_viana@grupomozue.com.br;UCDpwDXrb7;78700-905;Avenida Bandeirantes, s/n;474;Centro;Rondonopolis;MT;(66) 2793-4316;(66) 99310-0463;1,58;89;B-;azul
Sebastiao Igor da Costa;33;353.761.251-65;46.067.623-4;05/08/1991;Masculino;Leao;Olivia Andrea Camila;Mateus Nathan da Costa;sebastiaoigordacosta@baptistas.com.br;iyJLHs3g91;65918-168;Travessa Quatorze;744;Vila Vitoria;Imperatriz;MA;(98) 3999-5168;(98) 98543-8708;1,77;94;B-;verde
Sebastiao Joao Jorge dos Santos;29;881.779.246-21;20.492.816-3;18/05/1995;Masculino;Touro;Daniela Betina;Sebastiao Lorenzo Ruan dos Santos;sebastiao.joao.dossantos@knowconsulting.com.br;uUU4iAiLkN;04653-130;Rua Oscar Schade;362;Vila Inglesa;Sao Paulo;SP;(11) 2594-6291;(11) 99458-0678;1,6;59;B+;preto
Sergio Enzo Claudio Rezende;73;310.888.797-13;36.292.216-0;16/09/1951;Masculino;Virgem;Carolina Regina;Enrico Joaquim Rezende;sergio.enzo.rezende@domain.com.br;rYFatjRDu7;66643-040;Travessa Santa Clara;436;Sao Clemente;Belem;PA;(91) 2604-3018;(91) 99616-6889;1,83;84;O+;vermelho
Severino Arthur Fernandes;67;097.540.792-93;14.912.521-5;05/10/1957;Masculino;Libra;Ester Helena;Mario Otavio Fernandes;severino-fernandes76@openlink.com.br;H2nLBfkMoK;74926-787;Rua Professor Jose Honorato;492;Vila Sao Jorge;Aparecida de Goiania;GO;(62) 2646-7114;(62) 99177-9928;1,73;105;O+;roxo
Sophia Amanda Mariana da Rosa;61;544.262.584-13;43.536.365-7;21/01/1963;Feminino;Aquario;Melissa Vera Mariana;Nicolas Ricardo Tomas da Rosa;sophia-darosa76@schon.com.br;zMjNJGUdwZ;69073-528;Travessa Valencia;850;Sao Lazaro;Manaus;AM;(92) 3792-7752;(92) 98649-5147;1,71;63;O-;verde
Tania Teresinha Camila Caldeira;40;994.703.043-14;25.354.988-7;09/05/1984;Feminino;Touro;Aline Eduarda;Raimundo Isaac Caldeira;tania.teresinha.caldeira@zepto.com.br;u3Iqnc4Fgi;24425-290;Rua Barao de Sao Goncalo;393;Neves;Sao Goncalo;RJ;(21) 3921-0927;(21) 98467-9344;1,82;83;O-;verde
Tatiane Sophia Sophia da Paz;55;768.904.509-06;30.198.870-5;10/07/1969;Feminino;Cancer;Vitoria Daniela Benedita;Nelson Otavio Marcos da Paz;tatiane_dapaz@gerdal.com.br;LSiNJce8QZ;08740-450;Rua Prefeito Sebastiao Cascardo;733;Jardim Universo;Mogi das Cruzes;SP;(11) 3955-6116;(11) 98624-2283;1,83;66;AB-;laranja
Teresinha Carla Mariana Novaes;46;206.073.230-19;37.710.605-7;02/09/1978;Feminino;Virgem;Elza Sabrina;Fabio Bruno Theo Novaes;teresinha_novaes@lineubravo.com.br;mJWAOUjPbJ;79040-902;Rua Marcino dos Santos, s/n;218;Chacara Cachoeira;Campo Grande;MS;(67) 3871-4529;(67) 98603-4865;1,72;45;A+;laranja
Teresinha Debora Teixeira;56;651.567.203-90;50.398.022-5;26/04/1968;Feminino;Touro;Rosa Lais Sophie;Levi Alexandre Teixeira;teresinha_debora_teixeira@grupointegraambiental.com.br;YZTJeLNWHM;57310-160;Rua Jose Vieira da Silva;268;Capiata;Arapiraca;AL;(82) 3584-6276;(82) 99166-9033;1,8;54;O+;azul
Teresinha Liz Lais das Neves;69;398.473.792-03;21.439.536-4;09/10/1955;Feminino;Libra;Jaqueline Sophia Rosa;Marcos Vinicius Andre Calebe das Neves;teresinha.liz.dasneves@ppe.ufrj.br;H4YhLOaMPs;51345-540;Rua do Patrocinador;259;COHAB;Recife;PE;(81) 3807-5042;(81) 98221-2510;1,6;63;AB+;verde
Tereza Elza Elaine Farias;73;578.469.989-00;36.608.039-8;09/05/1951;Feminino;Touro;Isabella Aline Flavia;Pietro Yago Farias;tereza.elza.farias@trone.com.br;59AFHDmU5L;88340-764;Rua Santa Rosa;582;Sao Francisco de Assis;Camboriu;SC;(47) 3906-7432;(47) 98529-1107;1,82;67;A+;vermelho
Tereza Isabelle Duarte;29;639.882.865-83;20.008.750-2;27/04/1995;Feminino;Touro;Amanda Alessandra Vitoria;Davi Enrico Diego Duarte;tereza-duarte96@nokia.com;kGr9WGDDGh;57036-001;Avenida Doutor Antonio Gomes de Barros;304;Jatiuca;Maceio;AL;(82) 3641-7921;(82) 98639-0892;1,61;49;AB-;azul
Thales Carlos Carlos Aparicio;72;293.588.277-69;27.093.096-6;04/04/1952;Masculino;aries;Sonia Daiane;Iago Martin Aparicio;thales-aparicio87@6am.com.br;KzFP6yP0kl;64031-040;Rua Professor Edimilson Paixao;157;Bela Vista;Teresina;PI;(86) 2791-2133;(86) 98646-2047;1,83;94;A+;vermelho
Thales Vitor Kaue Pires;27;574.495.766-94;28.220.554-8;05/05/1997;Masculino;Touro;Fatima Isadora;Raul Nicolas Luan Pires;thales_pires@qmagico.com.br;0CrA9MMSYG;22710-490;Rua Noventa e Tres;404;Curicica;Rio de Janeiro;RJ;(21) 3693-5085;(21) 99883-1098;1,63;95;AB-;preto
Theo Renato Freitas;39;303.131.925-70;34.462.231-9;18/08/1985;Masculino;Leao;Natalia Bruna;Ian Nicolas Lucas Freitas;theorenatofreitas@ft.unicamp.br;uETgxJEMeU;26064-710;Rua Sao Tiago;636;Cidade Jardim Parque Estoril;Nova Iguacu;RJ;(21) 3877-3806;(21) 99330-0556;1,69;83;B+;amarelo
Thomas Ruan Campos;55;705.306.819-60;14.397.701-5;07/01/1969;Masculino;Capricornio;Ana Elaine Daiane;Thomas Giovanni Mario Campos;thomas.ruan.campos@raioazul.com.br;ApY6AYfpkz;86072-090;Rua Geraldo Rodrigues;982;Cidadela;Londrina;PR;(43) 3649-3634;(43) 98213-8150;1,79;87;AB+;laranja
Tiago Ricardo Kaue Bernardes;51;141.459.753-32;40.012.994-2;15/01/1973;Masculino;Capricornio;Maite Tatiane Simone;Ian Daniel Benedito Bernardes;tiago_ricardo_bernardes@technocut.com.br;2kzR9WnZhO;93534-440;Rua Aracatuba;108;Sao Jorge;Novo Hamburgo;RS;(51) 3638-5655;(51) 98933-9766;1,86;76;AB+;vermelho
Tiago Theo Melo;31;407.561.869-27;20.759.492-2;26/06/1993;Masculino;Cancer;Vera Maya;Ian Giovanni Melo;tiago_theo_melo@padrejuliano.com;ZdB6NX3U62;79907-414;Rua Itibere Vieira;840;Residencial Julia de Oliveira Cardinal;Ponta Pora;MS;(67) 2538-9391;(67) 99837-9717;1,84;79;O-;roxo
Tomas Guilherme Victor Oliveira;52;096.029.238-14;37.164.901-8;19/07/1972;Masculino;Cancer;Marlene Pietra;Daniel Joao Oliveira;tomas_oliveira@10clic.com.br;d6bAIh9xC9;38414-076;Praca Doutor Bolivar Carneiro;897;Jardim Patricia;Uberlandia;MG;(34) 2500-2036;(34) 99968-8934;1,97;88;AB-;verde
Tomas Sebastiao da Paz;61;968.992.522-95;48.769.061-8;08/05/1963;Masculino;Touro;Catarina Emilly;Kaique Pietro Henry da Paz;tomassebastiaodapaz@vol.com.br;nFC4RgiyCc;74926-150;Rua W 80;732;Jardim Colorado;Aparecida de Goiania;GO;(62) 3563-8169;(62) 98743-9596;1,79;87;O-;vermelho
Valentina Andrea Esther Moraes;54;283.215.427-19;11.759.559-7;03/03/1970;Feminino;Peixes;Isabelly Luzia Renata;Caue Caio Moraes;valentina_andrea_moraes@gineco.med.br;6f4ylKkKAd;29306-005;Rua Aimore T. Barbosa;779;Coronel Borges;Cachoeiro de Itapemirim;ES;(28) 2655-2217;(28) 98181-0936;1,6;90;AB-;vermelho
Valentina Brenda Mendes;34;791.730.620-81;46.121.722-3;26/01/1990;Feminino;Aquario;Milena Flavia Olivia;Ricardo Vinicius Mendes;valentinabrendamendes@alanamaral.com.br;SKWfapHyUn;69906-408;Rua Lourival Ribeiro;188;Taquari;Rio Branco;AC;(68) 3984-5823;(68) 98279-1995;1,82;50;AB-;vermelho
Valentina Heloise Rafaela Freitas;46;719.479.013-03;12.396.079-4;05/07/1978;Feminino;Cancer;Eliane Rita;Lucas Igor Freitas;valentina.heloise.freitas@i9tec.com.br;Hr1cxQ5nRn;09643-010;Rua Sao Francisco;741;Rudge Ramos;Sao Bernardo do Campo;SP;(11) 3866-6776;(11) 98884-0447;1,79;82;A-;vermelho
Vanessa Amanda Assuncao;66;905.688.404-29;25.067.222-4;01/05/1958;Feminino;Touro;Luana Milena Barbara;Ruan Benjamin Bernardo Assuncao;vanessa.amanda.assuncao@graficajardim.com.br;0m4SDiIZuF;67010-340;Rua Santana I;848;Guanabara;Ananindeua;PA;(91) 3566-7346;(91) 98338-5872;1,75;47;AB+;preto
Vera Amanda Fernandes;75;303.449.053-49;14.394.900-7;17/08/1949;Feminino;Leao;Evelyn Isabela Allana;Julio Tiago Fernandes;vera_amanda_fernandes@spamgourmet.com;anAHCqinkW;78065-540;Rua Rio Culuene;590;Grande Terceiro;Cuiaba;MT;(65) 3550-9258;(65) 98391-3488;1,72;55;B+;verde
Vicente Augusto Pereira;76;496.871.020-80;32.685.787-4;02/01/1948;Masculino;Capricornio;Raimunda Marcela;Kevin Caua Manuel Pereira;vicente-pereira93@alwan.com.br;tM5K4BtKiT;69054-738;Rua Amazonas Cavalcante;546;Parque 10 de Novembro;Manaus;AM;(92) 2897-1990;(92) 98775-9749;1,8;68;A+;laranja
Vicente Calebe Renan Martins;44;259.633.623-50;44.896.500-8;14/08/1980;Masculino;Leao;Rafaela Daiane Carla;Yuri Henrique Martins;vicente.calebe.martins@credendio.com.br;BlW29qq4S6;69907-830;Rua 12 de Outubro;212;Belo Jardim I;Rio Branco;AC;(68) 3763-3777;(68) 99406-7749;1,71;52;B-;preto
Vinicius Alexandre Silveira;52;386.703.241-64;41.917.015-7;16/01/1972;Masculino;Capricornio;Lara Fabiana;Hugo Anderson Danilo Silveira;vinicius-silveira92@etipel.com.br;Ymi0IlPNKX;72880-416;Quadra SQ 11 Quadra 3;501;Centro;Cidade Ocidental;GO;(61) 2648-9105;(61) 98435-5670;1,98;107;B-;laranja
Vitor Sebastiao Breno da Rocha;75;962.516.176-75;40.153.498-4;18/01/1949;Masculino;Capricornio;Leticia Maya Lara;Ian Lucas da Rocha;vitor_sebastiao_darocha@cursomarcato.com.br;yfPsGrr7bk;77064-044;Rua T 18;720;Setor Santa Fe (Taquaralto);Palmas;TO;(63) 2947-3177;(63) 99700-6635;1,67;78;O-;amarelo
Vitoria Isabelly Ribeiro;48;986.881.060-45;40.673.992-4;06/07/1976;Feminino;Cancer;Ayla Marina Sophia;Thomas Carlos Henrique Ribeiro;vitoria_isabelly_ribeiro@maorifilmes.com.br;W0XmXwBdDg;44034-302;Caminho 38;775;Campo Limpo;Feira de Santana;BA;(75) 2500-5080;(75) 98929-2389;1,67;86;O+;laranja
Vitoria Lais Sophia Peixoto;79;600.527.888-65;46.165.519-6;11/06/1945;Feminino;Gemeos;Raimunda Pietra;Henry Claudio Francisco Peixoto;vitoria_peixoto@hotmail.co.jp;I6DsKbMg8b;45203-600;Rua Elizeu Mario de Jesus;888;Campo do America;Jequie;BA;(73) 2971-4935;(73) 99225-6437;1,7;85;O-;roxo
Yuri Levi Araujo;34;536.529.587-05;40.376.087-2;20/07/1990;Masculino;Cancer;Simone Malu Rafaela;Manoel Carlos Eduardo Pietro Araujo;yuri_levi_araujo@saboia.me;17MeKo7GQe;05868-800;Rua Japareiras;886;Conjunto Habitacional Instituto Adventista;Sao Paulo;SP;(11) 3848-6878;(11) 98676-5322;1,84;86;A-;roxo
